Date,Description,Reference,Credit,Debit,Balance,Trigger
26-08-2026,Bank_PJ,,,20000,79239.55,Bank_PJ
24-08-2026,Golden Tower ,,47798.1,,99239.55,Bank_PJ
19-08-2026,RK_Cash,,,1202,51441.45,
16-08-2026,Bank_PJ,,,1300,52643.45,Bank_PJ
13-08-2026,RK_Cash,CWDR Bahadur,,2000,53943.45,
10-08-2026,RK_Cash,CWDR,,5002,55943.45,RK_Cash
10-08-2026,RK_Cash,CWDR,,3002,60945.45,RK_Cash
08-08-2026,Bank_PJ,Bank_PJ |  Bank_PJ,,1100,63947.45,RK_Cash
04-08-2026,Bank_PJ,Bank_PJ |  Bank_PJ,,1300,65047.45,Bank_PJ
27-07-2026,Bank_PJ,Bank_PJ |  Bank_PJ,,20000,66347.45,Bank_PJ
24-07-2026,Bank_PJ,Bank_PJ |  Bank_PJ,,2000,86347.45,Bank_PJ
21-07-2026,Bank_PJ,Bank_PJ |  Bank_PJ,,2000,88347.45,Bank_PJ
18-07-2026,Bank_PJ,Bank_PJ |  Bank_PJ,,3100,90347.45,Bank_PJ
11-07-2026,Staff Accommodation,Staff Accommodation chq 136 |  Staff Accommodation chq 136,,15840,93447.45,Staff Accommodation
09-07-2026,Bank_PJ,Bank_PJ |  Bank_PJ,,5800,109287.45,Bank_PJ
04-07-2026,Golden Tower ,Golden Tower |  GT-065,32508,,115087.45,Golden Tower
04-07-2026,Golden Tower ,Golden Tower |  GT-066,30126.6,,82579.45,Golden Tower
27-06-2026,Bank_PJ,Bank_PJ |  Bank_PJ,,15500,52452.85,Bank_PJ
14-06-2026,RK_Cash,RK_Cash |  RK_Cash,,4000,67952.85,RK_Cash
09-06-2026,Visionwood,VISIONWOOD INTERNATIONAL |  Retention,6327.83,,71952.85,Visionwood
02-06-2026,Golden Tower ,Golden |  GT-064,24399.9,,65625.02,Golden Tower
31-05-2026,Bank_PJ,Bank_PJ |  Bank_PJ,,16300,41225.12,Bank_PJ
20-05-2026,RK_Cash,RK_Cash |  RK_Cash,,502,57525.12,RK_Cash
20-05-2026,RK_Cash,RK_Cash |  RK_Cash,,5002,58027.12,RK_Cash
20-05-2026,RK_Cash,RK_Cash |  RK_Cash,,5002,63029.12,RK_Cash
12-05-2026,Bank_PJ,Bank_PJ |  Bank_PJ,,3900,68031.12,Bank_PJ
11-05-2026,Bank_PJ,Bank_PJ |  Bank_PJ,,1000,71931.12,Bank_PJ
11-05-2026,Bank_PJ,Bank_PJ |  Bank_PJ,,4800,72931.12,Bank_PJ
11-05-2026,Staff Accommodation,Staff Accommodation chq 135 |  Staff Accommodation chq 135,,15840,77731.12,Staff Accommodation
02-05-2026,Bank_PJ,Bank_PJ |  Bank_PJ,,15000,93571.12,Bank_PJ
26-04-2026,Bank_PJ,Bank_PJ |  Bank_PJ,,1000,108571.12,Bank_PJ
20-04-2026,Bank_PJ,Bank_PJ |  Bank_PJ,,1500,109571.12,Bank_PJ
18-04-2026,Bank_PJ,Bank_PJ |  Bank_PJ,,6000,111071.12,Bank_PJ
17-04-2026,Bank_PJ,Bank_PJ |  Bank_PJ,,1500,117071.12,Bank_PJ
17-04-2026,Sharif Carpentry,Sharif Payment Bank_CS |  Sharif Payment Bank_CS,40000,,118571.12,Sharif Carpentry
07-04-2026,Bank_PJ,Bank_PJ |  Bank_PJ,,8000,78571.12,Bank_PJ
04-04-2026,Golden Tower ,GT-063 |  GT-063,28236.6,,86571.12,Golden Tower
02-04-2026,Bank_PJ,Bank_PJ |  Bank_PJ,,6500,58334.52,Bank_PJ
31-03-2026,Bank_PJ,TRTR-MAR26-06 |  Bank_PJ,,2000,64834.52,Bank_PJ
25-03-2026,Bank_PJ,TRTR-MAR26-05 |  Bank_PJ,,1500,66834.52,Bank_PJ
16-03-2026,Bank_PJ,TRTR-MAR26-04 |  Bank_PJ,,2200,68334.52,Bank_PJ
16-03-2026,Visionwood,VISIONWOOD INTERNATIONAL |  VW-008,2520,,70534.52,Visionwood
10-03-2026,Bank_PJ,TRTR-MAR26-03 |  Bank_PJ,,5000,68014.52,Bank_PJ
10-03-2026,Golden Tower ,chq 90080 |  GT-062,28841.4,,73014.52,Golden Tower
10-03-2026,Staff Accommodation,chq 141 |  Staff Accommodation,,15840,44173.12,Staff Accommodation
09-03-2026,Bank_PJ,TRTR-MAR26-02 |  Bank_PJ,,7000,60013.12,Bank_PJ
07-03-2026,Bank_PJ,TRTR-MAR26-01 |  Bank_PJ,,4500,67013.12,Bank_PJ
02-03-2026,PettyCash_PJ,CWDR/8308/01 |  PettyCash_PJ,,2502,71513.12,PettyCash_PJ
02-03-2026,PettyCash_PJ,CWDR/8309/01 |  PettyCash_PJ,,2502,74015.12,PettyCash_PJ
02-03-2026,PettyCash_PJ,CWDR/8310/01 |  PettyCash_PJ,,2502,76517.12,PettyCash_PJ
27-02-2026,Bank_PJ,TRTR/000063614441 |  Bank_PJ,,5000,79019.12,Bank_PJ
25-02-2026,Bank_PJ,TRTR/000063588021 |  Bank_PJ,,18000,84019.12,Bank_PJ
12-02-2026,Bank_PJ,TRTR/000063442581 |  Bank_PJ,,3600,102019.12,Bank_PJ
12-02-2026,Visionwood,VISIONWOOD INTERNATIONAL |  VW-009,22915,,105619.12,Visionwood
09-02-2026,Bank_PJ,TRTR/000063394511 |  Bank_PJ,,13600,82704.12,Bank_PJ
04-02-2026,Golden Tower ,INST/900017 |  GT-061B,21357,,96304.12,Golden Tower
30-01-2026,Bank_PJ,TRTR/000063278861 |  Bank_PJ,,500,74947.12,Bank_PJ
27-01-2026,Bank_PJ,TRTR |  Bank_PJ,,18500,75447.12,Bank_PJ
22-01-2026,Bank_PJ,TRTR |  Bank_PJ,,8500,93947.12,Bank_PJ
19-01-2026,Office Rent,INWARD-CLR |  Bank_RK,,5000,102447.12,Office Rent
17-01-2026,Sharif Carpentry,INST/4378 |  Sharif Payment Bank_CS,75000,,107447.12,Sharif Carpentry
17-01-2026,Staff Accommodation,INWARD-CLR |  Staff Accommodation,,7200,32447.12,Staff Accommodation
16-01-2026,Bank_PJ,TRTR/000063115951 |  Bank_PJ,,11000,39647.12,Bank_PJ
15-01-2026,Visionwood,VISIONWOOD INTERNATIONAL |  VW-007,18831.75,,50647.12,Visionwood
10-01-2026,PettyCash_PJ,CWDR/601010044706 |  PettyCash_PJ,,5002,31815.37,PettyCash_PJ
10-01-2026,PettyCash_PJ,CWDR/601010044707 |  PettyCash_PJ,,5002,36817.37,PettyCash_PJ
07-01-2026,Bank_PJ,TRTR/000063022871 |  Bank_PJ,,6700,41819.37,Bank_PJ
05-01-2026,Bank_PJ,TRTR/000062982341 |  Bank_PJ,,6615,48519.37,Bank_PJ
29-12-2025,Bank_PJ,TRTR/000062895541 |  Bank_PJ,,20300,55134.37,Bank_PJ
26-12-2025,Bank_PJ,CWDR/2674424805 |  Bank_PJ,,2002,75434.37,Bank_PJ
26-12-2025,Bank_PJ,TRTR/000062881381 |  Bank_PJ,,1250,77436.37,Bank_PJ
23-12-2025,Bank_PJ,TRTR/000062842541 |  Bank_PJ,,2000,78686.37,Bank_PJ
18-12-2025,Bank_PJ,TRTR/000062793551 |  Bank_PJ,,5800,80686.37,Bank_PJ
09-12-2025,Bank Charges,Cash Handling charges |  BankCharges,,26.25,86486.37,Bank Charges
09-12-2025,Bank_PJ,TRTR/000062680731 |  Bank_PJ,,13000,86512.62,Bank_PJ
09-12-2025,House Rent,TO CASH HASSAN RAGAB ABDA |  TO CASH HASSAN RAGAB ABDA,,62000,99512.62,House Rent
30-11-2025,PettyCash_PJ,CWDR/7167/30 |  PettyCash_PJ,,5002,161512.62,PettyCash_PJ
30-11-2025,PettyCash_PJ,CWDR/7168/30 |  PettyCash_PJ,,5002,166514.62,PettyCash_PJ
26-11-2025,Bank_PJ,TRTR/000062534041 |  Bank_PJ,,18700,171516.62,Bank_PJ
20-11-2025,Bank_PJ,TRTR/000062487481 |  Bank_PJ,,1500,190216.62,Bank_PJ
20-11-2025,Sharif Carpentry,INST/4110 |  Sharif Payment Bank_CS,75000,,191716.62,Sharif Carpentry
17-11-2025,Visionwood,VISIONWOOD INTERNATIONAL |  VW-006,17640,,116716.62,Visionwood
10-11-2025,Bank_RK,TRTR/000062366331 |  Bank_RK,,9300,99076.62,Bank_RK
07-11-2025,PettyCash_PJ,CWDR/531118574026 |  PettyCash_PJ,,1002,108376.62,PettyCash_PJ
03-11-2025,Bank_PJ,TRTR/000062275811 |  Bank_PJ,,4000,109378.62,Bank_PJ
03-11-2025,Staff Accommodation,INWARD-CLR |  Staff Accommodation,,3900,113378.62,Staff Accommodation
30-10-2025,PettyCash_PJ,CWDR/145675/30 |  PettyCash_PJ,,1002,117278.62,PettyCash_PJ
20-10-2025,Visionwood,VISIONWOOD INTERNATIONAL |  VW-05R,44620.8,,118280.62,Visionwood
19-10-2025,Bank_RK,TRTR |  Bank_RK,,21800,73659.82,Bank_RK
09-10-2025,Bank_RK,TRTR/000062014721 |  Bank_RK,,10700,95459.82,Bank_RK
09-10-2025,PettyCash_PJ,CWDR/2567963359 |  PettyCash_PJ,,1502,106159.82,PettyCash_PJ
27-09-2025,Bank_RK,TRTR/000061855801 |  Bank_RK,,20500,107661.82,Bank_RK
26-09-2025,Sharif Carpentry,INST/3978 |  Sharif Payment Bank_CS,50000,,128161.82,Sharif Carpentry
26-09-2025,Visionwood,VISIONWOOD INTERNATIONAL |  VW-004,7067.29,,78161.82,Visionwood
10-09-2025,Staff Accommodation,INWARD-CLR |  Staff Accommodation,,11400,71094.53,Staff Accommodation
06-09-2025,Bank_RK,TRTR/000061631731 |  Bank_RK,,20000,82494.53,Bank_RK
31-08-2025,Bank_RK,TRTR/000061559751 |  Bank_RK,,9000,102494.53,Bank_RK
28-08-2025,Bank_RK,TRTR/000061521211 |  Bank_RK,,1200,111494.53,Bank_RK
27-08-2025,Bank_RK,TRTR/000061509801 |  Bank_RK,,22400,112694.53,Bank_RK
25-08-2025,Staff Accommodation,INWARD-CLR |  Staff Accommodation,,4000,135094.53,Staff Accommodation
19-08-2025,Visionwood,VISIONWOOD INTERNATIONAL |  VW-005,22653.23,,139094.53,Visionwood
09-08-2025,Bank_RK,TRTR/000061345741 |  Bank_RK,,12800,116441.3,Bank_RK
02-08-2025,Reversal,RETURNED:129 |  Bank_CS reversal,4000,,129241.3,Reversal
02-08-2025,Staff Accommodation,INWARD-CLR |  Staff Accommodation,,4000,125241.3,Staff Accommodation
01-08-2025,Sharif Carpentry,INST/3875 |  Sharif Payment Bank_CS,50000,,129241.3,Sharif Carpentry
31-07-2025,Bank_RK,TRTR/000061229921 |  Bank_RK,,5000,79241.3,Bank_RK
28-07-2025,Bank_RK,TRTR/000061193151 |  Bank_RK,,22750,84241.3,Bank_RK
23-07-2025,Bank_RK,TRTR/000061152441 |  Bank_RK,,5000,106991.3,Bank_RK
21-07-2025,Bank_RK,TRTR/000061125551 |  Bank_RK,,2000,111991.3,Bank_RK
09-07-2025,Bank_RK,TRTR/000061006551 |  Bank_RK,,1000,113991.3,Bank_RK
09-07-2025,Bank_RK,TRTR/000061008271 |  Bank_RK,,14200,114991.3,Bank_RK
02-07-2025,Bank_RK,TRTR/000060934271 |  Bank_RK,,500,129191.3,Bank_RK
30-06-2025,PettyCash_PJ,CWDR/500482439344 |  PettyCash_PJ,,2002,129691.3,PettyCash_PJ
28-06-2025,Bank_RK,TRTR/000060875741 |  Bank_RK,,23000,131693.3,Bank_RK
18-06-2025,PettyCash_PJ,TRTR/000060786551 |  PettyCash_PJ,,500,154693.3,PettyCash_PJ
18-06-2025,PettyCash_PJ,TRTR/000060795171 |  PettyCash_PJ,,500,155193.3,PettyCash_PJ
13-06-2025,Visionwood,VISIONWOOD INTERNATIONAL |  VW-003,48463.22,,155693.3,Visionwood
12-06-2025,PettyCash_PJ,CWDR/516311249642 |  PettyCash_PJ,,502,107230.08,PettyCash_PJ
11-06-2025,Bank_RK,TRTR/000060722471 |  Bank_RK,,4500,107732.08,Bank_RK
10-06-2025,Bank_RK,TRTR/000060703101 |  Bank_RK,,8600,112232.08,Bank_RK
10-06-2025,Staff Accommodation,INWARD-CLR |  Staff Accommodation,,11400,120832.08,Staff Accommodation
31-05-2025,Staff Accommodation,INWARD-CLR |  Staff Accommodation,,4000,132232.08,Staff Accommodation
27-05-2025,Bank_RK,TRTR/000060564731 |  Bank_RK,,20800,136232.08,Bank_RK
26-05-2025,PettyCash_PJ,CWDR/9071/26 |  PettyCash_PJ,,1002,157032.08,PettyCash_PJ
22-05-2025,PettyCash_PJ,CWDR/6537/22 |  PettyCash_PJ,,1502,158034.08,PettyCash_PJ
12-05-2025,Bank_RK,TRTR/000060411681 |  Bank_RK,,10000,159536.08,Bank_RK
12-05-2025,Bank_RK,TRTR/000060411711 |  Bank_RK,,9000,169536.08,Bank_RK
09-05-2025,Sharif Carpentry,INST/3686 |  Sharif Payment Bank_CS,70000,,178536.08,Sharif Carpentry
29-04-2025,Bank_RK,TRTR/000060274151 |  Bank_RK,,5000,108536.08,Bank_RK
28-04-2025,Bank_RK,TRTR/000060261551 |  Bank_RK,,21000,113536.08,Bank_RK
28-04-2025,PettyCash_PJ,CWDR/511712256711 |  PettyCash_PJ,,1002,134536.08,PettyCash_PJ
22-04-2025,Bank_RK,TRTR/000060206571 |  Bank_RK,,500,135538.08,Bank_RK
21-04-2025,Bank_RK,TRTR/000060184751 |  Bank_RK,,5200,136038.08,Bank_RK
09-04-2025,Bank_RK,TRTR/000060075641 |  Bank_RK,,7500,141238.08,Bank_RK
03-04-2025,Bank_RK,TRTR/000060022401 |  Bank_RK,,1000,148738.08,Bank_RK
28-03-2025,Bank_RK,TRTR/000059977971 |  Bank_RK,,500,149738.08,Bank_RK
28-03-2025,Sharif Carpentry,INST/3609 |  Sharif Payment Bank_CS,70000,,150238.08,Sharif Carpentry
27-03-2025,PettyCash_PJ,CWDR/1999/27 |  PettyCash_PJ,,3002,80238.08,PettyCash_PJ
26-03-2025,Visionwood,VISIONWOOD INTERNATIONAL |  VW-002,31060.04,,83240.08,Visionwood
25-03-2025,Bank_RK,TRTR/000059937261 |  Bank_RK,,20500,52180.04,Bank_RK
10-03-2025,Staff Accommodation,INWARD-CLR |  Staff Accommodation,,11400,72680.04,Staff Accommodation
05-03-2025,Bank_RK,TRTR/000059738421 |  Bank_RK,,15000,84080.04,Bank_RK
24-02-2025,Bank_RK,TRTR/000059614551 |  Bank_RK,,3500,99080.04,Bank_RK
24-02-2025,Bank_RK,TRTR/000059615881 |  Bank_RK,,20500,102580.04,Bank_RK
20-02-2025,Bank_RK,TRTR/000059595781 |  Bank_RK,,1700,123080.04,Bank_RK
17-02-2025,Visionwood,VISIONWOOD INTERNATIONAL |  VW-001,10984.71,,124780.04,Visionwood
12-02-2025,Bank_RK,TRTR/000059512681 |  Bank_RK,,500,113795.33,Bank_RK
10-02-2025,Bank_RK,TRTR/000059479871 |  Bank_RK,,5500,114295.33,Bank_RK
08-02-2025,Sharif Carpentry,INST/3420 |  Sharif Payment Bank_CS,70000,,119795.33,Sharif Carpentry
06-02-2025,Bank_RK,TRTR/000059448501 |  Bank_RK,,1500,49795.33,Bank_RK
06-02-2025,Golden Tower ,INST/899199 |  GT-061A,12079.2,,51295.33,Golden Tower
31-01-2025,Bank_RK,TRTR/000059384711 |  Bank_RK,,700,39216.13,Bank_RK
29-01-2025,Bank_RK,TRTR/000059350551 |  Bank_RK,,21500,39916.13,Bank_RK
16-01-2025,Bank_RK,TRTR/000059236341 |  Bank_RK,,1700,61416.13,Bank_RK
15-01-2025,Bank_RK,TRTR/000059227511 |  Bank_RK,,26000,63116.13,Bank_RK
08-01-2025,Bank_RK,TRTR/000059152211 |  Bank_RK,,11000,89116.13,Bank_RK
07-01-2025,Bank_RK,TRTR/000059138541 |  Bank_RK,,3600,100116.13,Bank_RK
06-01-2025,Golden Tower ,INST/899135 |  GT-060,33516,,103716.13,Golden Tower
04-01-2025,Staff Accommodation,INWARD-CLR |  Staff Accommodation,,11400,70200.13,Staff Accommodation
31-12-2024,Bank_RK,TRTR/000059070871 |  Bank_RK,,500,81600.13,Bank_RK
31-12-2024,PettyCash_PJ,CWDR/436611499362 |  PettyCash_PJ,,1502,82100.13,PettyCash_PJ
28-12-2024,Bank_RK,TRTR/000059047411 |  Bank_RK,,21700,83602.13,Bank_RK
25-12-2024,PettyCash_PJ,CWDR/436013598051 |  PettyCash_PJ,,2202,105302.13,PettyCash_PJ
24-12-2024,Bank_RK,TRTR/000059003451 |  Bank_RK,,12500,107504.13,Bank_RK
23-12-2024,Office Rent,INWARD-CLR |  Bank_RK,,5000,120004.13,Office Rent
16-12-2024,Bank_RK,TRTR/000058934031 |  Bank_RK,,8500,125004.13,Bank_RK
12-12-2024,Bank_RK,TRTR/000058890991 |  Bank_RK,,1300,133504.13,Bank_RK
10-12-2024,Bank_RK,TRTR/000058872291 |  Bank_RK,,7300,134804.13,Bank_RK
09-12-2024,Bank Charges,Cash Handling charges |  BankCharges,,26.25,142104.13,Bank Charges
09-12-2024,House Rent,TO CASH HASSAN RAGAB ABDA |  TO CASH HASSAN RAGAB ABDA,,62000,142130.38,House Rent
06-12-2024,Bank_RK,TRTR/000058827941 |  Bank_RK,,2000,204130.38,Bank_RK
05-12-2024,Golden Tower ,INST/899048 |  GT-059,31180.8,,206130.38,Golden Tower
04-12-2024,Bank_RK,TRTR/000058812271 |  Bank_RK,,5000,174949.58,Bank_RK
04-12-2024,PettyCash_PJ,CWDR/433819376813 |  PettyCash_PJ,,1502,179949.58,PettyCash_PJ
30-11-2024,Sharif Carpentry,INST/3479 |  Sharif Payment Bank_CS,75000,,181451.58,Sharif Carpentry
28-11-2024,Bank_RK,TRTR/000058748411 |  Bank_RK,,2000,106451.58,Bank_RK
25-11-2024,Bank_RK,TRTR/000058711031 |  Bank_RK,,20500,108451.58,Bank_RK
18-11-2024,PettyCash_PJ,TRTR/000058644631 |  PettyCash_PJ,,5000,128951.58,PettyCash_PJ
09-11-2024,RK_Cash,CWDR/5779/09 |  RK_Cash,,10000,133951.58,RK_Cash
09-11-2024,RK_Cash,CWDR/5780/09 |  RK_Cash,,7000,143951.58,RK_Cash
05-11-2024,Golden Tower ,INST/898972 |  GT-058,33264,,150951.58,Golden Tower
28-10-2024,Bank_RK,TRTR/000058434451 |  Bank_RK,,10000,117687.58,Bank_RK
28-10-2024,Bank_RK,TRTR/DON/8752/28 |  Bank_RK,,1,127687.58,Bank_RK
28-10-2024,PettyCash_PJ,TRTR/000058444041 |  PettyCash_PJ,,3350,127688.58,PettyCash_PJ
28-10-2024,PettyCash_PJ,CWDR/8751/28 |  PettyCash_PJ,,10000,131038.58,PettyCash_PJ
28-10-2024,PettyCash_PJ,CWDR/8753/28 |  PettyCash_PJ,,10000,141038.58,PettyCash_PJ
21-10-2024,PettyCash_PJ,TRTR/000058368471 |  PettyCash_PJ,,1200,151038.58,PettyCash_PJ
17-10-2024,Sharif Carpentry,INST/3286 |  Sharif Payment Bank_CS,40000,,152238.58,Sharif Carpentry
10-10-2024,Staff Accommodation,Clearing 117 |  Staff Accommodation,,12000,112238.58,Staff Accommodation
08-10-2024,Bank_RK,TRTR/000058251261 |  Bank_RK,,24000,124238.58,Bank_RK
05-10-2024,Golden Tower ,INST/898906 |  GT-057,35784,,148238.58,Golden Tower
25-09-2024,Bank_RK,TRTR/000058120831 |  Bank_RK,,23500,112454.58,Bank_RK
16-09-2024,PettyCash_PJ,CWDR/3495/15 |  PettyCash_PJ,,1202,135954.58,PettyCash_PJ
09-09-2024,Bank_RK,TRTR/000057965081 |  Bank_RK,,5700,137156.58,Bank_RK
05-09-2024,Golden Tower ,INST/898851 |  GT-056,35616,,142856.58,Golden Tower
26-08-2024,Bank_RK,TRTR/000057828121 |  Bank_RK,,23200,107240.58,Bank_RK
10-08-2024,Sharif Carpentry,INST/3129 |  Sharif Payment Bank_CS,50000,,130440.58,Sharif Carpentry
09-08-2024,Bank_RK,TRTR/000057689091 |  Bank_RK,,15000,80440.58,Bank_RK
08-08-2024,Golden Tower ,INST/898834 |  GT-055,26712,,95440.58,Golden Tower
25-07-2024,Bank_RK,TRTR/000057546371 |  Bank_RK,,10000,68728.58,Bank_RK
25-07-2024,Bank_RK,TRTR/000057546641 |  Bank_RK,,9999,78728.58,Bank_RK
22-07-2024,Suspense,EBKG/BBME/5751356 |  PettyCash_PJ,,6000,88727.58,Suspense
22-07-2024,Suspense,EBKG/EBIL/5751040 |  PettyCash_PJ,,210,94727.58,Suspense
22-07-2024,Suspense,EBKG/EBIL/5751224 |  PettyCash_PJ,,210,94937.58,Suspense
22-07-2024,Suspense,EBKG/NBAD/5751039 |  PettyCash_PJ,,300,95147.58,Suspense
19-07-2024,PettyCash_PJ,CWDR/6875/19 |  PettyCash_PJ,,5002,95447.58,PettyCash_PJ
15-07-2024,PettyCash_PJ,CWDR/2289/14 |  PettyCash_PJ,,1002,100449.58,PettyCash_PJ
15-07-2024,PettyCash_PJ,CWDR/7960/14 |  PettyCash_PJ,,5002,101451.58,PettyCash_PJ
11-07-2024,Staff Accommodation,INWARD-CLR |  Staff Accommodation,,12000,106453.58,Staff Accommodation
09-07-2024,PettyCash_PJ,CWDR/1973162712 |  PettyCash_PJ,,5002,118453.58,PettyCash_PJ
09-07-2024,PettyCash_PJ,CWDR/1973163796 |  PettyCash_PJ,,3702,123455.58,PettyCash_PJ
09-07-2024,PettyCash_PJ,CWDR/7749/09 |  PettyCash_PJ,,1002,127157.58,PettyCash_PJ
05-07-2024,Golden Tower ,INST/898750 |  GT-054,29803.2,,128159.58,Golden Tower
24-06-2024,PJ_Cash,PJ_Cash |  PettyCash_PJ,,19500,98356.38,PJ_Cash
19-06-2024,PettyCash_PJ,CWDR/530297/19 |  PettyCash_PJ,,802,117856.38,PettyCash_PJ
11-06-2024,Sharif Carpentry,INST/3012 |  Sharif Payment Bank_CS,35000,,118658.38,Sharif Carpentry
10-06-2024,PettyCash_PJ,CWDR/1938170680 |  PettyCash_PJ,,5002,83658.38,PettyCash_PJ
10-06-2024,PettyCash_PJ,CWDR/1938170881 |  PettyCash_PJ,,5002,88660.38,PettyCash_PJ
08-06-2024,PettyCash_PJ,CWDR/1937627266 |  PettyCash_PJ,,4202,93662.38,PettyCash_PJ
05-06-2024,Golden Tower ,INST/898698 |  GT-053,23310,,97864.38,Golden Tower
30-05-2024,PettyCash_PJ,CWDR/1532/30 |  PettyCash_PJ,,602,74554.38,PettyCash_PJ
22-05-2024,PettyCash_PJ,CWDR/1918214570 |  PettyCash_PJ,,5002,75156.38,PettyCash_PJ
22-05-2024,PettyCash_PJ,CWDR/1918215126 |  PettyCash_PJ,,5002,80158.38,PettyCash_PJ
21-05-2024,PettyCash_PJ,CWDR/119215/21 |  PettyCash_PJ,,4702,85160.38,PettyCash_PJ
21-05-2024,PettyCash_PJ,CWDR/4735/21 |  PettyCash_PJ,,902,89862.38,PettyCash_PJ
09-05-2024,PettyCash_PJ,CWDR/1904080532 |  PettyCash_PJ,,5002,90764.38,PettyCash_PJ
09-05-2024,PettyCash_PJ,CWDR/1904080879 |  PettyCash_PJ,,5002,95766.38,PettyCash_PJ
06-05-2024,Golden Tower ,INST/898654 |  GT-052,41546.4,,100768.38,Golden Tower
02-05-2024,PettyCash_PJ,CWDR/9966/02 |  PettyCash_PJ,,8500,59221.98,PettyCash_PJ
01-05-2024,Golden Tower ,INST/898615 |  GT-051,38640,,67721.98,Golden Tower
01-05-2024,PettyCash_PJ,CWDR/1363/01 |  PettyCash_PJ,,5002,29081.98,PettyCash_PJ
01-05-2024,PettyCash_PJ,CWDR/1364/01 |  PettyCash_PJ,,5002,34083.98,PettyCash_PJ
26-04-2024,PettyCash_PJ,CWDR/1889330217 |  PettyCash_PJ,,502,39085.98,PettyCash_PJ
26-04-2024,PettyCash_PJ,CWDR/662/26 |  PettyCash_PJ,,4002,39587.98,PettyCash_PJ
22-04-2024,PettyCash_PJ,CWDR/1885226301 |  PettyCash_PJ,,402,43589.98,PettyCash_PJ
15-04-2024,Staff Accommodation,INWARD-CLR |  Staff Accommodation,,12000,43991.98,Staff Accommodation
12-04-2024,PettyCash_PJ,CWDR/1872188650 |  PettyCash_PJ,,5002,55991.98,PettyCash_PJ
12-04-2024,PettyCash_PJ,CWDR/1872189581 |  PettyCash_PJ,,2202,60993.98,PettyCash_PJ
12-04-2024,PettyCash_PJ,CWDR/1874229825 |  PettyCash_PJ,,3402,63195.98,PettyCash_PJ
12-04-2024,PettyCash_PJ,CWDR/8916/10 |  PettyCash_PJ,,5002,66597.98,PettyCash_PJ
12-04-2024,PettyCash_PJ,CWDR/8917/10 |  PettyCash_PJ,,5002,71599.98,PettyCash_PJ
06-04-2024,PettyCash_PJ,CWDR/1868873648 |  PettyCash_PJ,,1002,76601.98,PettyCash_PJ
03-04-2024,PettyCash_PJ,CWDR/3173/03 |  PettyCash_PJ,,4902,77603.98,PettyCash_PJ
27-03-2024,PettyCash_PJ,CWDR/1857370358 |  PettyCash_PJ,,3202,82505.98,PettyCash_PJ
26-03-2024,PettyCash_PJ,CWDR/8653/26 |  PettyCash_PJ,,1502,85707.98,PettyCash_PJ
25-03-2024,PettyCash_PJ,CWDR/1855184521 |  PettyCash_PJ,,5002,87209.98,PettyCash_PJ
25-03-2024,PettyCash_PJ,CWDR/8018/24 |  PettyCash_PJ,,10000,92211.98,PettyCash_PJ
25-03-2024,PettyCash_PJ,CWDR/1855184798 |  PettyCash_PJ,,5002,102211.98,PettyCash_PJ
21-03-2024,PettyCash_PJ,CWDR/3737/21 |  PettyCash_PJ,,2502,107213.98,PettyCash_PJ
16-03-2024,PettyCash_PJ,CWDR/4198/16 |  PettyCash_PJ,,602,109715.98,PettyCash_PJ
14-03-2024,PettyCash_PJ,CWDR/594723807 |  PettyCash_PJ,,4102,110317.98,PettyCash_PJ
08-03-2024,Golden Tower ,INST/582 |  GT-050,25653.6,,114419.98,Golden Tower
07-03-2024,Sharif Carpentry,INST/2886 |  Sharif Payment Bank_CS,20000,,88766.38,Sharif Carpentry
06-03-2024,PettyCash_PJ,CWDR/1836222175 |  PettyCash_PJ,,4002,68766.38,PettyCash_PJ
05-03-2024,PettyCash_PJ,CWDR/426773/05 |  PettyCash_PJ,,5002,72768.38,PettyCash_PJ
26-02-2024,PettyCash_PJ,CWDR/4855/25 |  PettyCash_PJ,,10000,77770.38,PettyCash_PJ
26-02-2024,PettyCash_PJ,CWDR/4888/26 |  PettyCash_PJ,,6000,87770.38,PettyCash_PJ
24-02-2024,PettyCash_PJ,CWDR/1824092777 |  PettyCash_PJ,,5002,93770.38,PettyCash_PJ
24-02-2024,PettyCash_PJ,CWDR/1824094024 |  PettyCash_PJ,,5002,98772.38,PettyCash_PJ
20-02-2024,PettyCash_PJ,CWDR/6637/20 |  PettyCash_PJ,,5002,103774.38,PettyCash_PJ
08-02-2024,PettyCash_PJ,TO CASH-JAGDISH PRAJAPATI |  PettyCash_PJ,,21000,108776.38,PettyCash_PJ
06-02-2024,Golden Tower ,INST/532 |  GT-049,25023.6,,129776.38,Golden Tower
03-02-2024,Sharif Carpentry,INST/2729 |  Sharif Payment Bank_CS,50000,,104752.78,Sharif Carpentry
30-01-2024,Bank_RK,TRTR/000056078791 |  Bank_RK,,1000,54752.78,Bank_RK
30-01-2024,PJ_Cash,PJ_Cash |  PettyCash_PJ,,24000,55752.78,PJ_Cash
27-01-2024,Golden Tower ,INST/522 |  GT-048,26527,,79752.78,Golden Tower
26-01-2024,Bank_RK,TRTR/000056050961 |  Bank_RK,,1000,53225.78,Bank_RK
22-01-2024,Bank_RK,TRTR/000056011151 |  Bank_RK,,1400,54225.78,Bank_RK
18-01-2024,Bank_RK,TRTR/000055987041 |  Bank_RK,,5000,55625.78,Bank_RK
15-01-2024,Staff Accommodation,INWARD-CLR |  Staff Accommodation,,12000,60625.78,Staff Accommodation
13-01-2024,PettyCash_PJ,CWDR/401314014153 |  PettyCash_PJ,,5002,72625.78,PettyCash_PJ
12-01-2024,Office Rent,INWARD-CLR |  Bank_RK,,5000,77627.78,Office Rent
11-01-2024,PettyCash_PJ,TO CASH JAGDISH P |  PettyCash_PJ,,17000,82627.78,PettyCash_PJ
30-12-2023,Golden Tower ,INST/898386 |  GT-047,32491.2,,99627.78,Golden Tower
21-12-2023,Bank_RK,Bank_RK,,30000,67136.58,Bank_RK
08-12-2023,Bank_RK,Bank_RK,,20000,97136.58,Bank_RK
01-12-2023,Golden Tower ,INST/386 |  Sharif Payment Bank_CS,22688.4,,117136.58,Golden Tower
01-12-2023,Sharif Carpentry,INST/2498 |  Sharif Carpentry & Decor,70000,,94448.18,Sharif Carpentry
27-11-2023,Bank_RK,MBK/333012540389 |  Bank_RK,,3500,24448.18,Bank_RK
21-11-2023,Bank_RK,MBK/332511448572 |  Bank_RK,,10000,27948.18,Bank_RK
21-11-2023,Bank_RK,MBK/332511448599 |  Bank_RK,,10000,37948.18,Bank_RK
21-11-2023,Bank_RK,MBK/332511448612 |  Bank_RK,,10000,47948.18,Bank_RK
13-11-2023,Bank_RK,MBK/331611324269 |  Bank_RK,,750,57948.18,Bank_RK
10-11-2023,PJ_Cash,CWDR/9735/10 |  PJ_Cash,,5000,58698.18,PJ_Cash
08-11-2023,Bank_RK,MBK/331211257407 |  Bank_RK,,10000,63698.18,Bank_RK
08-11-2023,Bank_RK,MBK/331211257454 |  Bank_RK,,2000,73698.18,Bank_RK
08-11-2023,PettyCash_PJ,MBK/331211257425 |  PettyCash_PJ,,10000,75698.18,PettyCash_PJ
07-11-2023,Bank_RK,MBK/331114238552 |  Bank_RK,,4500,85698.18,Bank_RK
06-11-2023,Other Income,DUBAI ELECTRICITY |  Electricity deposit refund,494.66,,90198.18,Other Income
,,,,,,
