Date,Category-Por B,COA Account,Vendor,Vendor Type,Description,Amount,Paid Thru
20-06-2026,Personal,Personal - Vehicle Fuel,Emarat,Fuel Station,Vehicle fuel|Emarat,145.12,Mashreq_Cash
15-06-2026,Personal,Personal - Vehicle Fuel,Emirates General Petroleum,Fuel Station,Vehicle fuel|Emirates General Petroleum,136.01,Mashreq_Cash
15-06-2026,Personal,Personal|Grocery|Household,ABC Supermarket,Supermarket,Supermarket purchase|ABC Supermarket,45,Mashreq_Cash
11-06-2026,Personal,Personal - Vehicle Fuel,Emirates General Petroleum,Fuel Station,Vehicle fuel|Emirates General Petroleum,140.94,Mashreq_Cash
11-06-2026,Business,Printing|Stationery,A|Print House,Printing|Stationery,Printing|stationery|A|Print House,6.51,Mashreq_Cash
09-06-2026,Personal,Personal - Shopping & Lifestyle,Gift City General Trading,Retail,Retail purchase|Gift City General Trading,43,Mashreq_Cash
06-06-2026,Personal,Personal - Vehicle Fuel,Emarat,Fuel Station,Vehicle fuel|Emarat,150.02,Mashreq_Cash
03-06-2026,Personal,Personal|Grocery|Household,ABC Supermarket,Supermarket,Supermarket purchase|ABC Supermarket,20,Mashreq_Cash
02-06-2026,Personal,Personal - Vehicle Fuel,ADNOC,Fuel Station,Vehicle fuel|ADNOC,150,Mashreq_Cash
02-06-2026,Personal,Personal - Vehicle Fuel,Emarat,Fuel Station,Vehicle fuel|Emarat,140,Mashreq_Cash
02-06-2026,Personal,Personal - Vehicle Maintenance,Al Intikhab Auto Maintenance,Vehicle Maintenance,Vehicle maintenance/repair|Al Intikhab Auto Maintenance,470,Mashreq_Cash
31-05-2026,Personal,Personal - Vehicle Fuel,ENOC/EPPCO,Fuel Station,Vehicle fuel|ENOC/EPPCO,135.04,Mashreq_Cash
30-05-2026,Personal,Personal|Medical|Pharmacy,Salah Din Medical Fitness,Medical,Medical expense|Salah Din Medical Fitness,78.14,Mashreq_Cash
30-05-2026,Business,Printing|Stationery,Rapid Pro Typing Services,Printing|Stationery,Printing|stationery|Rapid Pro Typing Services,261.86,Mashreq_Cash
28-05-2026,Personal,Personal - Vehicle Fuel,Emarat,Fuel Station,Vehicle fuel|Emarat,120.01,Mashreq_Cash
27-05-2026,Personal,Personal - Shopping & Lifestyle,Alhameidi Department Store,Retail,Retail purchase|Alhameidi Department Store,110,Mashreq_Cash
27-05-2026,Personal,Personal - Shopping & Lifestyle,Gift City General Trading,Retail,Retail purchase|Gift City General Trading,244.5,Mashreq_Cash
25-05-2026,Personal,Personal - TBD,Motor Land,Vehicle Maintenance,Vehicle maintenance/repair|Motor Land,115.5,Mashreq_Cash
25-05-2026,Personal,Personal - Vehicle Maintenance,Bab Al Taawon Car Polish,Vehicle Maintenance,Vehicle maintenance/repair|Bab Al Taawon Car Polish,480,Mashreq_Cash
25-05-2026,Personal,Personal-TBD,Union Taxi,Transport,Transport/taxi|Union Taxi,20.25,Mashreq_Cash
25-05-2026,Personal,Personal-TBD,Union Taxi,Transport,Transport/taxi|Union Taxi,15.5,Mashreq_Cash
25-05-2026,Personal,Personal-TBD,Union Taxi,Transport,Transport/taxi|Union Taxi,15.5,Mashreq_Cash
20-05-2026,Personal,Personal - Miscellaneous,Sahara Centre,Shopping Mall,Shopping mall purchase|Sahara Centre,-500,Mashreq_Cash
05-04-2026,Personal,Personal-TBD,Union Taxi,Transport,Transport/taxi|Union Taxi,18.75,Mashreq_Cash
04-04-2026,Business,Printing|Stationery,A|Print House,Printing|Stationery,Printing|stationery|A|Print House,3.02,Mashreq_Cash
03-04-2026,Personal,Personal - Vehicle Fuel,Emirates General Petroleum,Fuel Station,Vehicle fuel|Emirates General Petroleum,140.03,Mashreq_Cash
31-03-2026,Personal,Personal - Vehicle Fuel,Emarat,Fuel Station,Vehicle fuel|Emarat,100.02,Mashreq_Cash
30-03-2026,Personal,Personal - Miscellaneous,Al Kabayel Oasis,Restaurant,Restaurant|dining|Al Kabayel Oasis,39.19,Mashreq_Cash
28-03-2026,Personal,Personal - Vehicle Fuel,Emarat,Fuel Station,Vehicle fuel|Emarat,106.4,Mashreq_Cash
24-03-2026,Personal,Personal - Vehicle Fuel,Emarat,Fuel Station,Vehicle fuel|Emarat,95.03,Mashreq_Cash
23-03-2026,Personal,Personal - Shopping & Lifestyle,Alhameidi Department Store,Retail,Retail purchase|Alhameidi Department Store,75,Mashreq_Cash
21-03-2026,Personal,Personal - Vehicle Fuel,Emarat,Fuel Station,Vehicle fuel|Emarat,92,Mashreq_Cash
18-03-2026,Personal,Personal|Medical|Pharmacy,Salah Din Medical Fitness,Medical,Medical expense|Salah Din Medical Fitness,78.14,Mashreq_Cash
17-03-2026,Business,Printing|Stationery,A|Print House,Printing|Stationery,Printing|stationery|A|Print House,6,Mashreq_Cash
16-03-2026,Personal,Personal - Shopping & Lifestyle,Photozone Studio,Photography,Photography service|Photozone Studio,7,Mashreq_Cash
16-03-2026,Personal,Personal - Vehicle Fuel,Emarat,Fuel Station,Vehicle fuel|Emarat,110,Mashreq_Cash
12-03-2026,Personal,Personal - Vehicle Fuel,Emarat,Fuel Station,Vehicle fuel|Emarat,107.69,Mashreq_Cash
12-03-2026,Personal,Personal - Vehicle Maintenance,Motor Land,Vehicle Maintenance,Vehicle maintenance/repair|Motor Land,315,Mashreq_Cash
10-03-2026,Personal,Personal-TBD,Zone Tourism,Travel Agency,Travel booking|Zone Tourism,2874,Mashreq_Cash
09-03-2026,Personal,Personal - Vehicle Fuel,Emarat,Fuel Station,Vehicle fuel|Emarat,92.01,Mashreq_Cash
06-03-2026,Personal,Personal - Vehicle Fuel,Emarat,Fuel Station,Vehicle fuel|Emarat,105.66,Mashreq_Cash
03-03-2026,Personal,Personal - Shopping & Lifestyle,Alhameidi Department Store,Retail,Retail purchase|Alhameidi Department Store,52,Mashreq_Cash
02-03-2026,Personal,Personal - Vehicle Fuel,Emarat,Fuel Station,Vehicle fuel|Emarat,95.07,Mashreq_Cash
28-02-2026,Personal,Personal - Vehicle Fuel,Emarat,Fuel Station,Vehicle fuel|Emarat,90.08,Mashreq_Cash
27-02-2026,Personal,Personal-TBD,Zone Tourism,Travel Agency,Travel booking|Zone Tourism,824,Mashreq_Cash
26-02-2026,Business,Printing|Stationery,A|Print House,Printing|Stationery,Printing|stationery|A|Print House,7,Mashreq_Cash
24-02-2026,Personal,Personal - Vehicle Fuel,Emarat,Fuel Station,Vehicle fuel|Emarat,88.04,Mashreq_Cash
19-02-2026,Personal,Personal - Miscellaneous,Card Welcome Bonus|Cashback,Card Adjustment,Card adjustment/refund|Card Welcome Bonus|Cashback,-100,Mashreq_Cash
22-01-2026,Personal,Personal - Vehicle Fuel,Emarat,Fuel Station,Vehicle fuel|Emarat,100,Mashreq_Cash
19-01-2026,Personal,Personal - Vehicle Fuel,ENOC/EPPCO,Fuel Station,Vehicle fuel|ENOC/EPPCO,105,Mashreq_Cash
18-01-2026,Personal,Personal|Grocery|Household,Nasamat Al Madina Supermarket,Supermarket,Supermarket purchase|Nasamat Al Madina Supermarket,48.85,Mashreq_Cash
15-01-2026,Personal,Personal - Vehicle Fuel,Emarat,Fuel Station,Vehicle fuel|Emarat,100,Mashreq_Cash
14-01-2026,Personal,Personal - Shopping & Lifestyle,Alhameidi Department Store,Retail,Retail purchase|Alhameidi Department Store,55,Mashreq_Cash
13-01-2026,Personal,Personal - Vehicle Maintenance,Fast Center Ajman,Vehicle Maintenance,Vehicle maintenance/repair|Fast Center Ajman,150,Mashreq_Cash
13-01-2026,Personal,Personal - Vehicle Maintenance,Murshd Auto Spare Parts,Vehicle Maintenance,Vehicle maintenance/repair|Murshd Auto Spare Parts,420,Mashreq_Cash
13-01-2026,Personal,Personal - Vehicle Maintenance,Sama Al Basra Auto,Vehicle Maintenance,Vehicle maintenance/repair|Sama Al Basra Auto,63,Mashreq_Cash
13-01-2026,Personal,Personal - Vehicle Maintenance,Tyre Shop (Al Qouz/Al Taqdeer/Rukn Al Sahil),Vehicle Maintenance,Vehicle maintenance/repair|Tyre Shop (Al Qouz/Al Taqdeer/Rukn Al Sahil),20.6,Mashreq_Cash
12-01-2026,Personal,Personal - Vehicle Fuel,Emarat,Fuel Station,Vehicle fuel|Emarat,105.19,Mashreq_Cash
12-01-2026,Personal,Personal - Vehicle Maintenance,Al Zubair Auto Care,Vehicle Maintenance,Vehicle maintenance/repair|Al Zubair Auto Care,50,Mashreq_Cash
12-01-2026,Personal,Personal - Vehicle Maintenance,Reef International Auto,Vehicle Maintenance,Vehicle maintenance/repair|Reef International Auto,141.5,Mashreq_Cash
09-01-2026,Personal,Personal - Vehicle Fuel,Emarat,Fuel Station,Vehicle fuel|Emarat,105.03,Mashreq_Cash
07-01-2026,Personal,Personal - Vehicle Maintenance,Fine Tools Equipment|Trading,Tools|Equipment,Tools|equipment purchase|Fine Tools Equipment|Trading,47.25,Mashreq_Cash
07-01-2026,Business,Printing|Stationery,A|Print House,Printing|Stationery,Printing|stationery|A|Print House,3,Mashreq_Cash
06-01-2026,Personal,Personal - Vehicle Fuel,Emarat,Fuel Station,Vehicle fuel|Emarat,105,Mashreq_Cash
02-01-2026,Personal,Personal - Vehicle Fuel,Emarat,Fuel Station,Vehicle fuel|Emarat,105,Mashreq_Cash
29-12-2025,Business,Printing|Stationery,A|Print House,Printing|Stationery,Printing|stationery|A|Print House,21.5,Mashreq_Cash
27-12-2025,Personal,Personal - Vehicle Fuel,Emarat,Fuel Station,Vehicle fuel|Emarat,110.04,Mashreq_Cash
26-12-2025,Personal,Personal|Grocery|Household,ABC Supermarket,Supermarket,Supermarket purchase|ABC Supermarket,65,Mashreq_Cash
26-12-2025,Personal,Personal-TBD,Zone Tourism,Travel Agency,Travel booking|Zone Tourism,1278,Mashreq_Cash
20-12-2025,Personal,Personal - TBD,Emarat,Fuel Station,Vehicle fuel|Emarat,100.29,Mashreq_Cash
15-12-2025,Personal,Personal - Vehicle Fuel,Emarat,Fuel Station,Vehicle fuel|Emarat,107.87,Mashreq_Cash
15-12-2025,Personal,Personal|Medical|Pharmacy,Salah Din Medical Fitness,Medical,Medical expense|Salah Din Medical Fitness,78.14,Mashreq_Cash
15-12-2025,Business,Printing|Stationery,Rapid Pro Typing Services,Printing|Stationery,Printing|stationery|Rapid Pro Typing Services,261.86,Mashreq_Cash
12-12-2025,Personal,Personal|Grocery|Household,ABC Supermarket,Supermarket,Supermarket purchase|ABC Supermarket,55,Mashreq_Cash
11-12-2025,Personal,Personal - Vehicle Fuel,Emarat,Fuel Station,Vehicle fuel|Emarat,114.05,Mashreq_Cash
10-12-2025,Business,Printing|Stationery,A|Print House,Printing|Stationery,Printing|stationery|A|Print House,6.5,Mashreq_Cash
07-12-2025,Personal,Personal - Vehicle Fuel,ENOC/EPPCO,Fuel Station,Vehicle fuel|ENOC/EPPCO,110.01,Mashreq_Cash
05-12-2025,Personal,Personal|Grocery|Household,ABC Supermarket,Supermarket,Supermarket purchase|ABC Supermarket,69.5,Mashreq_Cash
03-12-2025,Personal,Personal - Vehicle Fuel,Emarat,Fuel Station,Vehicle fuel|Emarat,110.01,Mashreq_Cash
03-12-2025,Business,Printing|Stationery,A|Print House,Printing|Stationery,Printing|stationery|A|Print House,4,Mashreq_Cash
18-02-2024,Personal,Personal - Vehicle Fuel,Emarat,Fuel Station,Vehicle fuel|Emarat,87,Mashreq_Cash
15-02-2024,Personal,Personal - Miscellaneous,Alhameidi Department Store,Retail,Retail purchase|Alhameidi Department Store,78,Mashreq_Cash
13-02-2024,Personal,Personal - Vehicle Fuel,Emarat,Fuel Station,Vehicle fuel|Emarat,99.02,Mashreq_Cash
09-02-2024,Personal,Personal - Vehicle Fuel,Emarat,Fuel Station,Vehicle fuel|Emarat,100,Mashreq_Cash
05-02-2024,Personal,Personal - Miscellaneous,A|Print House,Printing|Stationery,Printing|stationery|A|Print House,5.5,Mashreq_Cash
04-02-2024,Personal,Personal - Vehicle Fuel,Emarat,Fuel Station,Vehicle fuel|Emarat,97.04,Mashreq_Cash
31-01-2024,Personal,Personal - Vehicle Fuel,Emarat,Fuel Station,Vehicle fuel|Emarat,90.01,Mashreq_Cash
30-01-2024,Personal,Personal - Miscellaneous,ABC Supermarket,Supermarket,Supermarket purchase|ABC Supermarket,45,Mashreq_Cash
28-01-2024,Personal,Personal - Vehicle Fuel,Emarat,Fuel Station,Vehicle fuel|Emarat,71.05,Mashreq_Cash
27-01-2024,Personal,Personal - Miscellaneous,Saaed (Traffic Fines System),Government|Fines,Traffic/government fine|Saaed (Traffic Fines System),757,Mashreq_Cash
26-01-2024,Personal,Personal - Vehicle Fuel,Emarat,Fuel Station,Vehicle fuel|Emarat,95.02,Mashreq_Cash
24-01-2024,Personal,Personal - Miscellaneous,Green Gift Department Store,Retail,Retail purchase|Green Gift Department Store,40,Mashreq_Cash
23-01-2024,Personal,Personal - Miscellaneous,Dar Alshabab Auto,Vehicle Maintenance,Vehicle maintenance/repair|Dar Alshabab Auto,135,Mashreq_Cash
23-01-2024,Personal,Personal - Miscellaneous,Marwan Saeed Auto Care,Vehicle Maintenance,Vehicle maintenance/repair|Marwan Saeed Auto Care,567,Mashreq_Cash
