Expense Date,Expense Account,Expense Description,Expense Amount,Vendor,Paid Through,Tax Percentage
25-07-2026,Business Gifts & Client Entertainment,Moin Gift Paid A C,1000,,,
25-07-2026,Salaries And Employee Wages,Arun,1000,,,
22-07-2026,Salaries And Employee Wages,Staff Expenses,400,,PettyCash_PJ,
22-07-2026,Visa & Immigration Fees - Staff,Offer Letter New Works Santosh,560,,PettyCash_PJ,
22-07-2026,Staff Salaries,Rajnath,1000,,PettyCash_PJ,
21-07-2026,Taxi & Parking - Business,Airport Parking Rajnath,50,,PettyCash_PJ,
07-07-2026,Bus Parking,Bus Parking Paid Monthly To,375,,PettyCash_PJ,
29-06-2026,Staff Salaries,Salary May WPS Charges,15295,,PettyCash_PJ,0
27-06-2026,Vehicle Repair - Business,Bus Spark Plug Othe Repair,300,,PettyCash_PJ,0
19-06-2026,Staff Salaries,Rajnath Balance Salary Paid,283,,PettyCash_PJ,0
14-06-2026,Taxi & Parking - Business,Bus Parking Paid Monthly To,350,,PettyCash_PJ,0
14-06-2026,Taxi & Parking - Business,Airport Parking Rajnath,30,,PettyCash_PJ,0
09-06-2026,Personal - General,Careedit Card Pament Rajiv Sir Yes,700,,PettyCash_PJ,0
04-06-2026,Taxi & Parking - Business,Parking Richyog,101,,PettyCash_PJ,0
03-06-2026,Visa & Immigration Fees - Staff,Visa Stamping Id Typing Salik Amanel,850,,PettyCash_PJ,0
01-06-2026,Staff Salaries,Salary Balance Month April WPS,16474,,PettyCash_PJ,0
26-05-2026,Salaries And Employee Wages,Salaries and employee wages,100,,PettyCash_PJ,0
26-05-2026,Taxi & Parking - Business,Taxi & parking,1300,,PettyCash_PJ,0
25-05-2026,Taxi & Parking - Business,Taxi & parking,20,,PettyCash_PJ,0
24-05-2026,Taxi & Parking - Business,Taxi & parking,50,,PettyCash_PJ,0
19-05-2026,Taxi & Parking - Business,Taxi & parking,1000,,PettyCash_PJ,0
11-05-2026,Taxi & Parking - Business,Taxi & parking,1000,,PettyCash_PJ,0
08-05-2026,Salaries And Employee Wages,Salaries and employee wages,500,,PettyCash_PJ,0
03-05-2026,Taxi & Parking - Business,Taxi & parking,1500,,PettyCash_PJ,0
02-05-2026,Salaries And Employee Wages,Salaries and employee wages,11475,,PettyCash_PJ,0
26-04-2026,Printing & Stationery,Printing & stationery,15,,PettyCash_PJ,0
26-04-2026,Salaries And Employee Wages,Salaries and employee wages,1500,,PettyCash_PJ,0
26-04-2026,Taxi & Parking - Business,Taxi & parking,1000,,PettyCash_PJ,0
19-04-2026,Salaries And Employee Wages,Salaries and employee wages,2500,,PettyCash_PJ,0
19-04-2026,Taxi & Parking - Business,Taxi & parking,1000,,PettyCash_PJ,0
18-04-2026,Personal - General,Personal - general,5000,,PettyCash_PJ,0
18-04-2026,Taxi & Parking - Business,Taxi & parking,30,,PettyCash_PJ,0
12-04-2026,Bank Fees And Charges,Bank fees and charges,12,,PettyCash_PJ,0
12-04-2026,Taxi & Parking - Business,Taxi & parking,500,,PettyCash_PJ,0
11-04-2026,Taxi & Parking - Business,Taxi & parking,80,,PettyCash_PJ,0
08-04-2026,Salaries And Employee Wages,Salaries and employee wages,6542,,PettyCash_PJ,0
08-04-2026,Taxi & Parking - Business,Taxi & parking,500,,PettyCash_PJ,0
05-04-2026,Taxi & Parking - Business,Taxi & parking,30,,PettyCash_PJ,0
05-04-2026,Taxi & Parking - Business,Taxi & parking,100,,PettyCash_PJ,0
03-04-2026,Salaries And Employee Wages,Salaries and employee wages,3000,,PettyCash_PJ,0
03-04-2026,Salaries And Employee Wages,Salaries and employee wages,3930,,PettyCash_PJ,0
03-04-2026,Taxi & Parking - Business,Taxi & parking,50,,PettyCash_PJ,0
31-03-2026,Staff Salaries,All Works Admin C Paid,1600,,PettyCash_PJ,0
27-03-2026,Taxi & Parking - Business,Parking Recharge,51,,PettyCash_PJ,0
25-03-2026,Visa & Immigration Fees - Staff,Visa Stampy Id Santosh,1020,,PettyCash_PJ,0
23-03-2026,Taxi & Parking - Business,Parking Recharge,100,,PettyCash_PJ,0
18-03-2026,Staff Health & Medical,Visa Medical Santosh,262,,PettyCash_PJ,0
14-03-2026,Taxi & Parking - Business,Parking Recharge,100,,PettyCash_PJ,0
11-03-2026,Visa & Immigration Fees - Staff,New Visa Approval Santosh,4900,,PettyCash_PJ,0
09-03-2026,Visa & Immigration Fees - Staff,Offer Letter New Works Santosh,280,,PettyCash_PJ,0
07-03-2026,Staff Salaries,Uttam Sharma Paid Love Salary,4355,,PettyCash_PJ,0
28-02-2026,Staff Salaries,Rajnath Leave Salary Paid,5000,,PettyCash_PJ,0
27-02-2026,Taxi & Parking - Business,Parking Recovery,100,,PettyCash_PJ,0
26-02-2026,Staff Salaries,Jan Salary WPS Charges,17642,,PettyCash_PJ,0
23-02-2026,Vehicle Fuel - Business,Petrol,50,,PettyCash_PJ,0
21-02-2026,Vehicle Fuel - Business,Petrol,90,,PettyCash_PJ,0
17-02-2026,Taxi & Parking - Business,Parking Recharge,100,,PettyCash_PJ,0
12-02-2026,Visa & Immigration Fees - Staff,Visa Cancel Uttam Sharma Ajman Paid,400,,PettyCash_PJ,0
10-02-2026,Taxi & Parking - Business,Parking Recharge,55,,PettyCash_PJ,0
02-02-2026,Taxi & Parking - Business,Parking Recharge,100,,PettyCash_PJ,0
31-01-2026,Business Gifts & Client Entertainment,Moin Gift Paid A C,500,,PettyCash_PJ,0
31-01-2026,Staff Health & Medical,Bhadur Medical Pill,7,,PettyCash_PJ,0
28-01-2026,Licensing & Government Fees,WPS Renewal Paid,158,,PettyCash_PJ,0
28-01-2026,Staff Salaries,Dinesh Advance Paid,1000,,PettyCash_PJ,0
28-01-2026,Staff Salaries,Dec Salary WPS Charges,16384,,PettyCash_PJ,0
27-01-2026,Miscellaneous Business Expenses,Bank Amit Deposit,810,,PettyCash_PJ,0
23-01-2026,Licensing & Government Fees,N N N Paid,8500,,PettyCash_PJ,0
23-01-2026,Taxi & Parking - Business,Parking Card Recharge,50,,PettyCash_PJ,0
23-01-2026,Vehicle Maintenance - Business,Bus Mulkiya (Vehicle Registration) Typary Other,160,,PettyCash_PJ,0
19-01-2026,Licensing & Government Fees,Office License Renewal Paid,10000,,PettyCash_PJ,0
14-01-2026,Taxi & Parking - Business,Parking Card Recharge,150,,PettyCash_PJ,0
10-01-2026,Staff Salaries,Salary Moti Kumar Dec Jan,2307,,PettyCash_PJ,0
10-01-2026,Staff Salaries,Leave Gratuity Motikumar Paid,6200,,PettyCash_PJ,0
10-01-2026,Staff Salaries,Advance Arun Kumar,200,,PettyCash_PJ,0
08-01-2026,Staff Salaries,Salary Shambhu Dec Jan,1831,,PettyCash_PJ,0
08-01-2026,Staff Salaries,Leave Salary Gratuity Shambhu,4800,,PettyCash_PJ,0
07-01-2026,Taxi & Parking - Business,Air Port To Company Arun,60,,PettyCash_PJ,0
05-01-2026,Taxi & Parking - Business,Taxi & Parking - Business,50,,PettyCash_PJ,0
29-12-2025,Staff Salaries,Nov Salary WPS Charges,20348,,PettyCash_PJ,0
27-12-2025,Licensing & Government Fees,E Chanel Renewal Office Ajman,1220,,PettyCash_PJ,0
27-12-2025,Taxi & Parking - Business,Parking Card Recharge,50,,PettyCash_PJ,0
25-12-2025,Visa & Immigration Fees - Staff,Visa Stamping Id Typing Ajman Paid Dinesh,860,,PettyCash_PJ,0
24-12-2025,Local Conveyance - Business,Taxi Steel To Company To Steel Prajapati Side,71,,PettyCash_PJ,0
23-12-2025,Staff Salaries,Uttam Advance,1000,,PettyCash_PJ,0
20-12-2025,Personal - House Rent,Bank Deposit Hani Elsayed,5800,,PettyCash_PJ,0
18-12-2025,Taxi & Parking - Business,Online Parking Recharge Paid,30,,PettyCash_PJ,0
12-12-2025,Local Conveyance - Business,Taxi Sharif To Company,35,,PettyCash_PJ,0
10-12-2025,Taxi & Parking - Business,Parking Card Recharge,100,,PettyCash_PJ,0
10-12-2025,Visa & Immigration Fees - Staff,Visa Renewal Dinesh,4000,,PettyCash_PJ,0
10-12-2025,Visa & Immigration Fees - Staff,Visa Cancel Moti Kumar,400,,PettyCash_PJ,0
26-11-2025,Staff Salaries,Oct Salary WPS Charges,18761,,PettyCash_PJ,0
20-11-2025,Taxi & Parking - Business,Parking Card Recharge,100,,PettyCash_PJ,0
12-11-2025,Taxi & Parking - Business,Parking Card Recharge,55,,PettyCash_PJ,0
05-11-2025,Staff Salaries,Salary Paid Arun Kumar Oct Nov,1723,,PettyCash_PJ,0
05-11-2025,Staff Salaries,Leave Salary Paid Arun Kumar,2000,,PettyCash_PJ,0
04-11-2025,Visa & Immigration Fees - Staff,Visa & Immigration Fees - Staff,400,,PettyCash_PJ,0
31-10-2025,Taxi & Parking - Business,Parking Card Recharge,50,,PettyCash_PJ,0
30-10-2025,Staff Salaries,Salary WPS Charges,20453,,PettyCash_PJ,0
20-10-2025,Business Gifts & Client Entertainment,Diwali gift - all staff,1000,,PettyCash_PJ,0
18-10-2025,Taxi & Parking - Business,Parking Card Rechay,100,,PettyCash_PJ,0
10-10-2025,Licensing & Government Fees,Office Ajman Paid Civil Deposit,3000,,PettyCash_PJ,0
03-10-2025,Taxi & Parking - Business,Parking Card Recharge,100,,PettyCash_PJ,0
29-09-2025,Staff Salaries,August Salary WPS,20515,,PettyCash_PJ,0
26-09-2025,Taxi & Parking - Business,Parking Recharge,50,,PettyCash_PJ,0
22-09-2025,Taxi & Parking - Business,Air Port Parking Bash Frind,35,,PettyCash_PJ,0
18-09-2025,Taxi & Parking - Business,Parking Recharge,100,,PettyCash_PJ,0
06-09-2025,Staff Salaries,Ram Janam Leave Salary Paid,2000,,PettyCash_PJ,0
06-09-2025,Staff Salaries,Ram Janam August Sep Salary Paid,2023,,PettyCash_PJ,0
05-09-2025,Vehicle Maintenance - Business,Rajiv Sir Car A/C Repair,400,,PettyCash_PJ,0
04-09-2025,Staff Salaries,Dinesh Adwanc,500,,PettyCash_PJ,0
03-09-2025,Local Conveyance - Business,Taxi Uttam Side To Come,25,,PettyCash_PJ,0
03-09-2025,Vehicle Maintenance - Business,Bus Stamp Othe Charges Repair,1000,,PettyCash_PJ,0
02-09-2025,Taxi & Parking - Business,Taxi & Parking - Business,100,,PettyCash_PJ,0
01-09-2025,Staff Allowances & Benefits,T-shirt,500,,PettyCash_PJ,0
31-08-2025,Staff Salaries,Leave Salary Vijay Sagar,2500,,PettyCash_PJ,0
31-08-2025,Staff Salaries,Gratuity Salary Vijay Sagar,4200,,PettyCash_PJ,0
31-08-2025,Staff Salaries,August Salary Vijay Sagar,1787,,PettyCash_PJ,0
28-08-2025,Staff Salaries,July Salary WPS,22452,,PettyCash_PJ,0
20-08-2025,Taxi & Parking - Business,Parking Card Recharge,50,,PettyCash_PJ,0
16-08-2025,Taxi & Parking - Business,Parking Card Recharge,50,,PettyCash_PJ,0
12-08-2025,Taxi & Parking - Business,Dinesh Air Port Parking,30,,PettyCash_PJ,0
08-08-2025,Licensing & Government Fees,A T M Card Apply Umesh Yadav,7,,PettyCash_PJ,0
06-08-2025,Taxi & Parking - Business,Parking Recharge,70,,PettyCash_PJ,0
04-08-2025,Visa & Immigration Fees - Staff,Vijay Sagar Visa Cancel Paid,400,,PettyCash_PJ,0
02-08-2025,Staff Salaries,Love Garagaty Abhay Paid,3400,,PettyCash_PJ,0
02-08-2025,Staff Salaries,Staff Salaries,1757,,PettyCash_PJ,0
31-07-2025,Miscellaneous Business Expenses,Cash Rajiv Sir,4000,,PettyCash_PJ,0
31-07-2025,Printing & Stationery,Umesh Yadav Photo,15,,PettyCash_PJ,0
31-07-2025,Staff Allowances & Benefits,T-shirt,260,,PettyCash_PJ,0
28-07-2025,Staff Salaries,June Salary WPS Charges,22819,,PettyCash_PJ,0
28-07-2025,Taxi & Parking - Business,Parking Card Recharge,50,,PettyCash_PJ,0
27-07-2025,Staff Salaries,WPS Paid Re WPS,44,,PettyCash_PJ,0
22-07-2025,Visa & Immigration Fees - Staff,Bhadur Umesh Yadav Visa Id Typing N N N N,1950,,PettyCash_PJ,0
15-07-2025,Taxi & Parking - Business,Parking card recharge,100,,PettyCash_PJ,0
11-07-2025,Staff Salaries,Advance Umesh Yadav,200,,PettyCash_PJ,0
11-07-2025,Taxi & Parking - Business,Air Port Parking Food Umesh,30,,PettyCash_PJ,0
10-07-2025,Personal - Staff & Services,Bhadur Ganj Paid A C,2000,,PettyCash_PJ,0
10-07-2025,Visa & Immigration Fees - Staff,Bhadur Visa Renewal Paid Ajman Abhy Cancel,4300,,PettyCash_PJ,0
08-07-2025,Taxi & Parking - Business,Parking Card Recharge,80,,PettyCash_PJ,0
02-07-2025,Local Conveyance - Business,Taxi Rajnath Side,35,,PettyCash_PJ,0
02-07-2025,Vehicle Maintenance - Business,Vehicle Maintenance - Business,150,,PettyCash_PJ,0
28-06-2025,Staff Salaries,Salary Paid May WPS Charges,22795,,PettyCash_PJ,0
20-06-2025,Taxi & Parking - Business,Parking Card Recharge,100,,PettyCash_PJ,0
19-06-2025,Visa & Immigration Fees - Staff,Ajman Officee Emirates Card Paid,780,,PettyCash_PJ,0
18-06-2025,Staff Allowances & Benefits,T-shirt,275,,PettyCash_PJ,0
18-06-2025,Vehicle Maintenance - Business,Vehicle wash,15,,PettyCash_PJ,0
12-06-2025,Personal - Vehicle Maintenance,Bash House Speaker,350,,PettyCash_PJ,0
12-06-2025,Visa & Immigration Fees - Staff,Visa Paid Ajman Umesh Yadav,4240,,PettyCash_PJ,0
09-06-2025,Licensing & Government Fees,Licensing & Government Fees,8,,PettyCash_PJ,0
08-06-2025,Taxi & Parking - Business,Parking Board Recharge,100,,PettyCash_PJ,0
28-05-2025,Staff Salaries,Salary April WPS Charges,20877,,PettyCash_PJ,0
21-05-2025,Taxi & Parking - Business,Parking Card Recharge,100,,PettyCash_PJ,0
11-05-2025,Taxi & Parking - Business,Taxi & Parking - Business,52,,PettyCash_PJ,0
05-05-2025,Taxi & Parking - Business,Parking Card Recharge,50,,PettyCash_PJ,0
30-04-2025,Staff Salaries,Leave Salary Paid Dinesh,2000,,PettyCash_PJ,0
30-04-2025,Staff Salaries,April Salary Dinesh Paid,1565,,PettyCash_PJ,0
29-04-2025,Miscellaneous Business Expenses,A C New Room,400,,PettyCash_PJ,0
29-04-2025,Staff Salaries,Salary App March WPS,20960,,PettyCash_PJ,0
29-04-2025,Visa & Immigration Fees - Staff,Rajnath Visa Stamping Id,860,,PettyCash_PJ,0
28-04-2025,Local Conveyance - Business,Taxi Uttam Air Port To Company,70,,PettyCash_PJ,0
26-04-2025,Taxi & Parking - Business,Parking Recharge,50,,PettyCash_PJ,0
23-04-2025,Licensing & Government Fees,No Quota Paid,460,,PettyCash_PJ,0
21-04-2025,Licensing & Government Fees,Work Offer Letter,960,,PettyCash_PJ,0
21-04-2025,Visa & Immigration Fees - Staff,Shyam Visa Stamping Id,1120,,PettyCash_PJ,0
21-04-2025,Visa & Immigration Fees - Staff,Rajnath Visa Stamping Renewal,3900,,PettyCash_PJ,0
20-04-2025,Printing & Stationery,Photo Photo Shyam,15,,PettyCash_PJ,0
18-04-2025,Taxi & Parking - Business,Parking Recharge,52,,PettyCash_PJ,0
11-04-2025,Taxi & Parking - Business,Parking Remya,50,,PettyCash_PJ,0
04-04-2025,Visa & Immigration Fees - Staff,Visa Stamping Rajiv S R Paid Ajman,860,,PettyCash_PJ,0
02-04-2025,Taxi & Parking - Business,Parking Recharge,50,,PettyCash_PJ,0
30-03-2025,Miscellaneous Business Expenses,Room Rents Shyam,450,,PettyCash_PJ,0
26-03-2025,Staff Salaries,Salary Feb WPS Charges,20588,,PettyCash_PJ,0
26-03-2025,Taxi & Parking - Business,Air Port Parking Shyam Pick,35,,PettyCash_PJ,0
23-03-2025,Miscellaneous Business Expenses,Pam N N,50,,PettyCash_PJ,0
18-03-2025,Taxi & Parking - Business,Parking card recharge,50,,PettyCash_PJ,0
12-03-2025,Taxi & Parking - Business,Parking Card Recharge,70,,PettyCash_PJ,0
09-03-2025,Tools & Equipment,Light Othe Tools,75,,PettyCash_PJ,0
06-03-2025,Visa & Immigration Fees - Staff,Shyam Visa Apply,4200,,PettyCash_PJ,0
05-03-2025,Taxi & Parking - Business,Parking Card Recharge,50,,PettyCash_PJ,0
26-02-2025,Miscellaneous Business Expenses,Gas stove,75,,PettyCash_PJ,0
26-02-2025,Staff Salaries,Leave Salary Paid Uttam Sharma,2000,,PettyCash_PJ,0
26-02-2025,Staff Salaries,Feb Salary Uttam Sharma Paid,1515,,PettyCash_PJ,0
26-02-2025,Taxi & Parking - Business,Parking Card Recharge,50,,PettyCash_PJ,0
25-02-2025,Vehicle Fuel - Business,Petrol,115,,PettyCash_PJ,0
24-02-2025,Business Gifts & Client Entertainment,Moin Sir A C Paid,520,,PettyCash_PJ,0
24-02-2025,Staff Salaries,Salary Jan WPS Charges,19912,,PettyCash_PJ,0
22-02-2025,Licensing & Government Fees,Ajman Officee Shyam Offer Letter,260,,PettyCash_PJ,0
21-02-2025,Vehicle Fuel - Business,Petrol,115,,PettyCash_PJ,0
20-02-2025,Air Travel - Business,Uttam Air Ticket Retan,1360,,PettyCash_PJ,0
19-02-2025,Vehicle Maintenance - Business,Bus Oil Filter Change,125,,PettyCash_PJ,0
18-02-2025,Tools & Equipment,Door opener,15,,PettyCash_PJ,0
16-02-2025,Vehicle Fuel - Business,Petrol,115,,PettyCash_PJ,0
15-02-2025,Taxi & Parking - Business,Parking card recharge,50,,PettyCash_PJ,0
13-02-2025,Tools & Equipment,Makita Tartar Repair,270,,PettyCash_PJ,0
13-02-2025,Tools & Equipment,Bill Marble,75,,PettyCash_PJ,0
12-02-2025,Vehicle Fuel - Business,Petrol,115,,PettyCash_PJ,0
08-02-2025,Vehicle Fuel - Business,Petrol,115,,PettyCash_PJ,0
06-02-2025,Miscellaneous Business Expenses,Room Rents Dhirendra,400,,PettyCash_PJ,0
06-02-2025,Staff Allowances & Benefits,Paints No,80,,PettyCash_PJ,0
05-02-2025,Vehicle Fuel - Business,Petrol,120,,PettyCash_PJ,0
04-02-2025,Taxi & Parking - Business,Parking Card Recharge,50,,PettyCash_PJ,0
04-02-2025,Tools & Equipment,Bill Marble,63,,PettyCash_PJ,0
02-02-2025,Miscellaneous Business Expenses,Miscellaneous Business Expenses,10,,PettyCash_PJ,0
02-02-2025,Vehicle Fuel - Business,Petrol,100,,PettyCash_PJ,0
31-01-2025,Credit Card Epp Instalments,No C Card Apply Rajkishor Dhirendra,15,,PettyCash_PJ,0
31-01-2025,Local Conveyance - Business,Transport Sharif Comto,120,,PettyCash_PJ,0
31-01-2025,Taxi & Parking - Business,Card Recharge Parking,35,,PettyCash_PJ,0
31-01-2025,Tools & Equipment,Bill Demand Cancel,63,,PettyCash_PJ,0
31-01-2025,Vehicle Fuel - Business,Petrol,115,,PettyCash_PJ,0
31-01-2025,Vehicle Maintenance - Business,Bus Brake Plate Change Armature,650,,PettyCash_PJ,0
30-01-2025,Staff Salaries,Salary Dec WPS Charges,21326,,PettyCash_PJ,0
29-01-2025,Miscellaneous Business Expenses,Rents Day Dhirendra Paid,200,,PettyCash_PJ,0
27-01-2025,Printing & Stationery,Prints,4,,PettyCash_PJ,0
27-01-2025,Tools & Equipment,Bill No,63,,PettyCash_PJ,0
27-01-2025,Vehicle Fuel - Business,Petrol,115,,PettyCash_PJ,0
26-01-2025,Local Conveyance - Business,Transport Company To Sheri To Company,50,,PettyCash_PJ,0
24-01-2025,Taxi & Parking - Business,Parking Card Rechay,20,,PettyCash_PJ,0
23-01-2025,Miscellaneous Business Expenses,Taxi Company To Shari No,30,,PettyCash_PJ,0
23-01-2025,Vehicle Fuel - Business,Petrol,110,,PettyCash_PJ,0
21-01-2025,Tools & Equipment,Bill Gratuity No,63,,PettyCash_PJ,0
18-01-2025,Vehicle Fuel - Business,Petrol,120,,PettyCash_PJ,0
17-01-2025,Printing & Stationery,Prints,5,,PettyCash_PJ,0
16-01-2025,Licensing & Government Fees,Bus R T A Passon Paid,250,,PettyCash_PJ,0
16-01-2025,Licensing & Government Fees,Ajman License Renewal Sponsor,18900,,PettyCash_PJ,0
16-01-2025,Staff Salaries,Dec Jan Salary Paid Budhiram,2708,,PettyCash_PJ,0
16-01-2025,Staff Salaries,Budhiram Leave Garati Salary Paid,3400,,PettyCash_PJ,0
16-01-2025,Vehicle Maintenance - Business,Bus Mulkiya (Vehicle Registration) Typary,420,,PettyCash_PJ,0
16-01-2025,Vehicle Maintenance - Business,Bus Insurance,1170,,PettyCash_PJ,0
15-01-2025,Personal - Staff & Services,Moin A C Paid Bhadur Complaint,100,,PettyCash_PJ,0
15-01-2025,Vehicle Fuel - Business,Petrol,120,,PettyCash_PJ,0
15-01-2025,Vehicle Maintenance - Business,Vehicle wash,50,,PettyCash_PJ,0
15-01-2025,Vehicle Maintenance - Business,Bus Speed Meter New Certificate,780,,PettyCash_PJ,0
15-01-2025,Visa & Immigration Fees - Staff,Insurance Rajkishor,140,,PettyCash_PJ,0
13-01-2025,Taxi & Parking - Business,Parking Card Recharge,50,,PettyCash_PJ,0
13-01-2025,Tools & Equipment,Bill Demand No,63,,PettyCash_PJ,0
12-01-2025,Air Travel - Business,Air Ticket Budhiram,540,,PettyCash_PJ,0
10-01-2025,Printing & Stationery,Prints,5,,PettyCash_PJ,0
10-01-2025,Staff Salaries,Dhirendra Advance,300,,PettyCash_PJ,0
10-01-2025,Vehicle Fuel - Business,Petrol,115,,PettyCash_PJ,0
09-01-2025,Visa & Immigration Fees - Staff,Rajkishor Visa Id Typing Ajman,1120,,PettyCash_PJ,0
08-01-2025,Printing & Stationery,Photocopy,7,,PettyCash_PJ,0
08-01-2025,Printing & Stationery,Dhirendra Photo Id,15,,PettyCash_PJ,0
07-01-2025,Miscellaneous Business Expenses,Room Rents Works To,800,,PettyCash_PJ,0
07-01-2025,Vehicle Maintenance - Business,Bus Clutch Nozzle Change Other,445,,PettyCash_PJ,0
06-01-2025,Taxi & Parking - Business,Parking Card Rechay,50,,PettyCash_PJ,0
06-01-2025,Vehicle Fuel - Business,Vehicle Fuel - Business,110,,PettyCash_PJ,0
06-01-2025,Vehicle Maintenance - Business,Bus Tyre Puncture Repair,16,,PettyCash_PJ,0
02-01-2025,Vehicle Fuel - Business,Petrol,115,,PettyCash_PJ,0
31-12-2024,Licensing & Government Fees,WPS Renewal Al Ahliya El,160,,PettyCash_PJ,0
31-12-2024,Personal - Vehicle Maintenance,Bash House Glass,105,,PettyCash_PJ,0
31-12-2024,Printing & Stationery,Photocopy prints,5,,PettyCash_PJ,0
31-12-2024,Vehicle Fuel - Business,Petrol,110,,PettyCash_PJ,0
30-12-2024,Staff Salaries,WPS Salary Deposit Charges,70,,PettyCash_PJ,0
30-12-2024,Staff Salaries,Salary Nov,21686,,PettyCash_PJ,0
29-12-2024,Staff Health & Medical,Medicine Bash,35,,PettyCash_PJ,0
28-12-2024,Printing & Stationery,Photocopy,4,,PettyCash_PJ,0
28-12-2024,Staff Allowances & Benefits,Paints No Rajkishor,50,,PettyCash_PJ,0
28-12-2024,Staff Health & Medical,Medical Rajkishor,340,,PettyCash_PJ,0
28-12-2024,Vehicle Fuel - Business,Petrol,110,,PettyCash_PJ,0
27-12-2024,Staff Allowances & Benefits,Shoe Suraj Rajkishor Blanket Ramjanam,170,,PettyCash_PJ,0
26-12-2024,Tools & Equipment,Tailor No Repair Paid,200,,PettyCash_PJ,0
25-12-2024,Printing & Stationery,Photocopy,4,,PettyCash_PJ,0
25-12-2024,Staff Health & Medical,Medical Arun Kumar,340,,PettyCash_PJ,0
25-12-2024,Vehicle Fuel - Business,Petrol,115,,PettyCash_PJ,0
25-12-2024,Visa & Immigration Fees - Staff,Suraj Arun Visa Stamping Id Ajman,1720,,PettyCash_PJ,0
25-12-2024,Visa & Immigration Fees - Staff,Dhirendra Advance Insurance,140,,PettyCash_PJ,0
24-12-2024,Printing & Stationery,Prints,5,,PettyCash_PJ,0
24-12-2024,Taxi & Parking - Business,Parking Recharge,50,,PettyCash_PJ,0
24-12-2024,Visa & Immigration Fees - Staff,Rajkishor Visa Buchr Cancel Arun Labour Card,9200,,PettyCash_PJ,0
21-12-2024,Staff Health & Medical,Medical Visa Suraj,340,,PettyCash_PJ,0
21-12-2024,Vehicle Fuel - Business,Petrol,110,,PettyCash_PJ,0
20-12-2024,Tools & Equipment,Bill Marble Miller,87,,PettyCash_PJ,0
18-12-2024,Printing & Stationery,Photocopy,5,,PettyCash_PJ,0
18-12-2024,Taxi & Parking - Business,Parking Recharge,50,,PettyCash_PJ,0
17-12-2024,Licensing & Government Fees,E-Channel Renewal Paid Ajman,1220,,PettyCash_PJ,0
17-12-2024,Miscellaneous Business Expenses,Room Bed Specs Sagar,400,,PettyCash_PJ,0
17-12-2024,Printing & Stationery,Photocopy,7,,PettyCash_PJ,0
17-12-2024,Printing & Stationery,Photo Dhirendra,15,,PettyCash_PJ,0
17-12-2024,Staff Allowances & Benefits,T-shirt,350,,PettyCash_PJ,0
17-12-2024,Vehicle Fuel - Business,Petrol,115,,PettyCash_PJ,0
17-12-2024,Vehicle Maintenance - Business,Bus Oil Filter Pipe Cement,165,,PettyCash_PJ,0
17-12-2024,Visa & Immigration Fees - Staff,Visa Stamping Survey C Hirencl,5780,,PettyCash_PJ,0
16-12-2024,Staff Allowances & Benefits,Jaket Bill,60,,PettyCash_PJ,0
14-12-2024,Vehicle Fuel - Business,Petrol,110,,PettyCash_PJ,0
14-12-2024,Vehicle Maintenance - Business,Bus Sticker Safety,30,,PettyCash_PJ,0
12-12-2024,Business Gifts & Client Entertainment,Moin Sir Gift Paid,1000,,PettyCash_PJ,0
12-12-2024,Staff Allowances & Benefits,Shoes - Budhiram,55,,PettyCash_PJ,0
12-12-2024,Visa & Immigration Fees - Staff,Outa Bahu Paid Ajman,300,,PettyCash_PJ,0
11-12-2024,Tools & Equipment,Bill Granite,40,,PettyCash_PJ,0
11-12-2024,Vehicle Fuel - Business,Petrol,120,,PettyCash_PJ,0
10-12-2024,Printing & Stationery,Printing/photocopy - works,10,,PettyCash_PJ,0
10-12-2024,Tools & Equipment,Wire Bench Socket Oth Tools,345,,PettyCash_PJ,0
09-12-2024,Staff Allowances & Benefits,Paints No Dhirendra Ramjanam,60,,PettyCash_PJ,0
09-12-2024,Staff Allowances & Benefits,"Shoes, helmet, jacket (staff)",230,,PettyCash_PJ,0
09-12-2024,Staff Health & Medical,Ram Janam Dhirendra Visa Medical,680,,PettyCash_PJ,0
09-12-2024,Taxi & Parking - Business,Parking Card Recharge,50,,PettyCash_PJ,0
09-12-2024,Visa & Immigration Fees - Staff,Outa Paid Ajman,350,,PettyCash_PJ,0
08-12-2024,Miscellaneous Business Expenses,Room Bed Specs Works Rajkishor Dhirendra,800,,PettyCash_PJ,0
08-12-2024,Staff Salaries,Advance Paid Dhirendra Rajkishor,400,,PettyCash_PJ,0
08-12-2024,Tools & Equipment,Shark Fin Car Cutting Median,130,,PettyCash_PJ,0
08-12-2024,Vehicle Fuel - Business,Petrol,120,,PettyCash_PJ,0
05-12-2024,Licensing & Government Fees,Rajkishor Offer Letter Paid Ajman,250,,PettyCash_PJ,0
05-12-2024,Printing & Stationery,Photocopy,10,,PettyCash_PJ,0
05-12-2024,Staff Allowances & Benefits,Blanket Pilo Oth Rajkishor Dhirendra,270,,PettyCash_PJ,0
05-12-2024,Taxi & Parking - Business,Air Port Parking Food C Hirencl Rajkisho New,55,,PettyCash_PJ,0
05-12-2024,Visa & Immigration Fees - Staff,Ram Janam Labour Card Renewal Paid,3900,,PettyCash_PJ,0
04-12-2024,Taxi & Parking - Business,Taxi & Parking - Business,50,,PettyCash_PJ,0
04-12-2024,Vehicle Fuel - Business,Petrol,115,,PettyCash_PJ,0
29-11-2024,Vehicle Fuel - Business,Petrol,120,,PettyCash_PJ,0
28-11-2024,Visa & Immigration Fees - Staff,Insurance Prajapati Mion A/C Paid,1000,,PettyCash_PJ,0
28-11-2024,Visa & Immigration Fees - Staff,Ajman Prajapati Id And Visa Stamping,860,,PettyCash_PJ,0
27-11-2024,Staff Allowances & Benefits,Paints No,60,,PettyCash_PJ,0
27-11-2024,Staff Health & Medical,Medical Prajapati Visa,340,,PettyCash_PJ,0
26-11-2024,Staff Salaries,Rajnath Advance Paid,1000,,PettyCash_PJ,0
23-11-2024,Personal - Vehicle Maintenance,Bash House Box Transformer,17,,PettyCash_PJ,0
23-11-2024,Staff Salaries,Oct Salary WPS,19316,,PettyCash_PJ,0
23-11-2024,Vehicle Fuel - Business,Petrol,125,,PettyCash_PJ,0
23-11-2024,Visa & Immigration Fees - Staff,Moin Sir A C Deposit Insurance To The Madam,310,,PettyCash_PJ,0
22-11-2024,Taxi & Parking - Business,Parking,50,,PettyCash_PJ,0
22-11-2024,Vehicle Fuel - Business,Petrol,120,,PettyCash_PJ,0
21-11-2024,Vehicle Maintenance - Business,Bus Tyre Puncture No,40,,PettyCash_PJ,0
21-11-2024,Vehicle Repair - Business,A/C Deposit Kapish Amit,500,,PettyCash_PJ,0
19-11-2024,Vehicle Fuel - Business,Petrol,115,,PettyCash_PJ,0
18-11-2024,Local Conveyance - Business,Meraj Car Transport Paid,3125,,PettyCash_PJ,0
18-11-2024,Vehicle Maintenance - Business,Bus Regulator Pipe Repair Colont,270,,PettyCash_PJ,0
18-11-2024,Visa & Immigration Fees - Staff,Prajapati Visa Renewal Paid Ajman,3900,,PettyCash_PJ,0
16-11-2024,Printing & Stationery,Photocopy - emailed invoice,5,,PettyCash_PJ,0
16-11-2024,Vehicle Fuel - Business,Petrol,130,,PettyCash_PJ,0
15-11-2024,Miscellaneous Business Expenses,Room Rents Sagar Bed Specs To,400,,PettyCash_PJ,0
14-11-2024,Local Conveyance - Business,Comptostay Bash House Prajapati Taxi,50,,PettyCash_PJ,0
14-11-2024,Miscellaneous Business Expenses,Miscellaneous Business Expenses,80,,PettyCash_PJ,0
14-11-2024,Vehicle Maintenance - Business,Bus A/C Gas,100,,PettyCash_PJ,0
13-11-2024,Local Conveyance - Business,Taxi Air Port To Company Prajapati,70,,PettyCash_PJ,0
29-10-2024,Staff Salaries,Advance Uttam Sharm,1500,,PettyCash_PJ,0
28-10-2024,Local Conveyance - Business,Meraj Taxi,1200,,PettyCash_PJ,0
28-10-2024,Staff Salaries,Salary Sep,18756,,PettyCash_PJ,0
18-10-2024,Local Conveyance - Business,Meraj Taxi,1100,,PettyCash_PJ,0
10-10-2024,Staff Salaries,Visa Gratuity Paid Jeetendra,4200,,PettyCash_PJ,0
10-10-2024,Staff Salaries,Sep Oct Salary Paid Prajapati,4000,,PettyCash_PJ,0
10-10-2024,Staff Salaries,Sep Oct Salary Paid Jeetendra,1980,,PettyCash_PJ,0
10-10-2024,Staff Salaries,Live Salary Paid Jeetendra,2000,,PettyCash_PJ,0
10-10-2024,Staff Salaries,Live Salary Paid Jeetendra,2000,,PettyCash_PJ,0
10-10-2024,Visa & Immigration Fees - Staff,Visa Id Typing Story Am,860,,PettyCash_PJ,0
10-10-2024,Visa & Immigration Fees - Staff,Rajiv Sir Madam Insurance Paid,500,,PettyCash_PJ,0
03-10-2024,Taxi & Parking - Business,Parking Card Rechay,50,,PettyCash_PJ,0
27-09-2024,Staff Salaries,Aug Salary WPS Charges,23432,,PettyCash_PJ,0
26-09-2024,Visa & Immigration Fees - Staff,Dinesh Kumar Offer Letter Paid,280,,PettyCash_PJ,0
24-09-2024,Taxi & Parking - Business,Parking Card Recharge,50,,PettyCash_PJ,0
23-09-2024,Visa & Immigration Fees - Staff,Jeetendra Visa Cancel Paid,400,,PettyCash_PJ,0
19-09-2024,Miscellaneous Business Expenses,Room Rents Weeks,750,,PettyCash_PJ,0
19-09-2024,Personal - Vehicle Maintenance,Bush House Monitar Parceces,140,,PettyCash_PJ,0
18-09-2024,Vehicle Maintenance - Business,Vehicle wash,15,,PettyCash_PJ,0
16-09-2024,Taxi & Parking - Business,Parking Card Recharge,50,,PettyCash_PJ,0
16-09-2024,Vehicle Maintenance - Business,Bus A/C Blower Chess Girsothy,550,,PettyCash_PJ,0
14-09-2024,Vehicle Maintenance - Business,Bus A/C Gas Filling Battery,150,,PettyCash_PJ,0
08-09-2024,Vehicle Maintenance - Business,Bus Oil Filter Air Filter,280,,PettyCash_PJ,0
05-09-2024,Taxi & Parking - Business,Taxi & Parking - Business,50,,PettyCash_PJ,0
29-08-2024,Visa & Immigration Fees - Staff,Ajman Visa Office Sd Madam Visa Typing,100,,PettyCash_PJ,0
27-08-2024,Personal - Vehicle Maintenance,Bash House Table Black Patches,150,,PettyCash_PJ,0
27-08-2024,Staff Salaries,July Salary WPS Charges,23262,,PettyCash_PJ,0
27-08-2024,Vehicle Maintenance - Business,Bus Starter Charges,570,,PettyCash_PJ,0
20-08-2024,Miscellaneous Business Expenses,Room Rents Bed Specs,700,,PettyCash_PJ,0
20-08-2024,Printing & Stationery,Invoice Prints,5,,PettyCash_PJ,0
13-08-2024,Taxi & Parking - Business,Parking Card Recharge,50,,PettyCash_PJ,0
08-08-2024,Taxi & Parking - Business,Parking Card Recharge,30,,PettyCash_PJ,0
07-08-2024,Printing & Stationery,Photocopy prints - Dinesh,5,,PettyCash_PJ,0
03-08-2024,Vehicle Maintenance - Business,Vehicle Maintenance - Business,670,,PettyCash_PJ,0
29-07-2024,Taxi & Parking - Business,Parking Board Recharge,50,,PettyCash_PJ,0
26-07-2024,Staff Salaries,Salary June WPS Charges,21220,,PettyCash_PJ,0
20-07-2024,Miscellaneous Business Expenses,Room Rents Bed Specs,700,,PettyCash_PJ,0
20-07-2024,Printing & Stationery,Photo Prints Email,5,,PettyCash_PJ,0
19-07-2024,Miscellaneous Business Expenses,Cash By Hand Rajiv Sir,2000,,PettyCash_PJ,0
19-07-2024,Staff Allowances & Benefits,T-shirt,230,,PettyCash_PJ,0
19-07-2024,Vehicle Fuel - Business,Petrol,100,,PettyCash_PJ,0
14-07-2024,Personal - Staff & Services,Bhadur Kish A/C Paid,5000,,PettyCash_PJ,0
14-07-2024,Staff Salaries,Lal Bala A/C Paid,1000,,PettyCash_PJ,0
09-07-2024,Taxi & Parking - Business,Parking Card Recharge,50,,PettyCash_PJ,0
09-07-2024,Vehicle Maintenance - Business,Bash Car A/C Repair Paid,1000,,PettyCash_PJ,0
08-07-2024,Printing & Stationery,Photocopy,5,,PettyCash_PJ,0
25-06-2024,Taxi & Parking - Business,Parking Card Recharge,50,,PettyCash_PJ,0
24-06-2024,Credit Card Epp Instalments,Shagar C Card Apply Charges,8,,PettyCash_PJ,0
24-06-2024,Staff Salaries,May Salary WPS Charges,19398,,PettyCash_PJ,0
19-06-2024,Miscellaneous Business Expenses,Room Rents Works,750,,PettyCash_PJ,0
19-06-2024,Taxi & Parking - Business,Air Port Parking Moti Kumar,15,,PettyCash_PJ,0
13-06-2024,Taxi & Parking - Business,Parking Card Recharge,50,,PettyCash_PJ,0
09-06-2024,Taxi & Parking - Business,Parking Air Port Vijay Sagar,15,,PettyCash_PJ,0
07-06-2024,Local Conveyance - Business,Taxi Sharif To Company,20,,PettyCash_PJ,0
06-06-2024,Vehicle Maintenance - Business,Vehicle Maintenance - Business,120,,PettyCash_PJ,0
03-06-2024,Taxi & Parking - Business,Parking Card Recharge,50,,PettyCash_PJ,0
30-05-2024,Visa & Immigration Fees - Staff,Srijan Katyal A/C Paid,530,,PettyCash_PJ,0
27-05-2024,Taxi & Parking - Business,Parking Card New Balance,50,,PettyCash_PJ,0
22-05-2024,Staff Salaries,April Salary WPS Charges,14693,,PettyCash_PJ,0
21-05-2024,Miscellaneous Business Expenses,Room Rents,350,,PettyCash_PJ,0
21-05-2024,Visa & Immigration Fees - Staff,Sagar Insurance Ajman Main,700,,PettyCash_PJ,0
11-05-2024,Printing & Stationery,Photocopy,2,,PettyCash_PJ,0
06-05-2024,Taxi & Parking - Business,Parking Air Port Shanty,20,,PettyCash_PJ,0
04-05-2024,Visa & Immigration Fees - Staff,Sagar Visa Id Typing Ajman Officee,1020,,PettyCash_PJ,0
02-05-2024,Staff Salaries,March Salary WPS Charges,13985,,PettyCash_PJ,0
26-04-2024,Staff Salaries,March April Salary Paid Vijay,2687,,PettyCash_PJ,0
26-04-2024,Staff Salaries,Leave Salary Paid Vijay Sagar,2000,,PettyCash_PJ,0
24-04-2024,Printing & Stationery,Photocopy,5,,PettyCash_PJ,0
22-04-2024,Miscellaneous Business Expenses,Room Rents Budhiram,350,,PettyCash_PJ,0
19-04-2024,Local Conveyance - Business,Taxi Uttam Dubai Hills,19,,PettyCash_PJ,0
19-04-2024,Taxi & Parking - Business,Parking Card Recharge,20,,PettyCash_PJ,0
17-04-2024,Staff Salaries,Sagar Advance Paid,100,,PettyCash_PJ,0
17-04-2024,Vehicle Maintenance - Business,Bus Brake Problem Repair,50,,PettyCash_PJ,0
11-04-2024,Staff Salaries,Salary March April Paid,2046,,PettyCash_PJ,0
11-04-2024,Staff Salaries,Salary March April Paid,1063,,PettyCash_PJ,0
11-04-2024,Staff Salaries,Salary March April,1457,,PettyCash_PJ,0
11-04-2024,Staff Salaries,Munna Leave And Gratuity Paid,3399,,PettyCash_PJ,0
11-04-2024,Staff Salaries,Moti Leave Salary Paid,2000,,PettyCash_PJ,0
11-04-2024,Staff Salaries,Munna Leave And Gratuity Paid,3399,,PettyCash_PJ,0
06-04-2024,Staff Salaries,Munna Amol Advance,1000,,PettyCash_PJ,0
03-04-2024,Visa & Immigration Fees - Staff,Visa & Immigration Fees - Staff,4900,,PettyCash_PJ,0
27-03-2024,Staff Salaries,Shambhu Leave Salary Paid,2000,,PettyCash_PJ,0
27-03-2024,Staff Salaries,March Salary Shambhu Paid,1145,,PettyCash_PJ,0
26-03-2024,Licensing & Government Fees,Sagar Outa Office Lettar Ajman Officee,850,,PettyCash_PJ,0
26-03-2024,Staff Salaries,Salary WPS Charges,20646,,PettyCash_PJ,0
21-03-2024,Miscellaneous Business Expenses,Room Rents,1050,,PettyCash_PJ,0
21-03-2024,Staff Salaries,Sagar Food Advance,100,,PettyCash_PJ,0
21-03-2024,Visa & Immigration Fees - Staff,Insurance Uttam Sharm Ajman Main,600,,PettyCash_PJ,0
21-03-2024,Visa & Immigration Fees - Staff,Ajman Munna Amol Visa Cancel,800,,PettyCash_PJ,0
18-03-2024,Taxi & Parking - Business,Air Port Parking Road Sagar,25,,PettyCash_PJ,0
16-03-2024,Local Conveyance - Business,Taxi Uttam Dubai Hills To Company,22,,PettyCash_PJ,0
16-03-2024,Vehicle Maintenance - Business,Bus Regulator New Repair,540,,PettyCash_PJ,0
14-03-2024,Staff Salaries,Leave Salary Gratuity Dharmendr,3065,,PettyCash_PJ,0
14-03-2024,Staff Salaries,Feb March Salary,1004,,PettyCash_PJ,0
09-03-2024,Miscellaneous Business Expenses,Transport Post Company To Dubai Hills,50,,PettyCash_PJ,0
09-03-2024,Vehicle Maintenance - Business,Vehicle recovery (towing),150,,PettyCash_PJ,0
06-03-2024,Staff Salaries,Dharmendr Advance,500,,PettyCash_PJ,0
06-03-2024,Visa & Immigration Fees - Staff,Ajman Uttam Shama Id Visa Story,860,,PettyCash_PJ,0
02-03-2024,Taxi & Parking - Business,Parking card recharge,20,,PettyCash_PJ,0
28-02-2024,Staff Health & Medical,Prajapati Medical Paid,120,,PettyCash_PJ,0
28-02-2024,Visa & Immigration Fees - Staff,Moti Cash Paid Uttam Insurance,100,,PettyCash_PJ,0
27-02-2024,Staff Salaries,Salary Jan Wps Charges,23001,,PettyCash_PJ,0
25-02-2024,Vehicle Maintenance - Business,Bus Dynamo Change Repair Paid,500,,PettyCash_PJ,0
24-02-2024,Staff Salaries,Rajnath Leave Salary Paid,2000,,PettyCash_PJ,0
24-02-2024,Staff Salaries,Rajnath Feb Salary Paid,1340,,PettyCash_PJ,0
21-02-2024,Miscellaneous Business Expenses,Room Rent Works,1050,,PettyCash_PJ,0
20-02-2024,Visa & Immigration Fees - Staff,Uttam Sharma Labour Card Renewal Paid,4000,,PettyCash_PJ,0
15-02-2024,Visa & Immigration Fees - Staff,Dharmendr Cancel Paid Ajman Officee,400,,PettyCash_PJ,0
04-02-2024,Business Gifts & Client Entertainment,Business Gifts & Client Entertainment,500,,PettyCash_PJ,0
04-02-2024,Personal - Vehicle Maintenance,Bash House Electric Material,75,,PettyCash_PJ,0
31-01-2024,Licensing & Government Fees,Ajman License Othe,820,,PettyCash_PJ,0
30-01-2024,Staff Salaries,Salary Dee WPS Charges,23955,,PettyCash_PJ,0
29-01-2024,Personal - Vehicle Maintenance,Light Bash House,260,,PettyCash_PJ,0
27-01-2024,Miscellaneous Business Expenses,Bed Specs Athay To,350,,PettyCash_PJ,0
27-01-2024,Staff Salaries,Dinesh Advance,500,,PettyCash_PJ,0
27-01-2024,Taxi & Parking - Business,Parking Air Port Jeetendra,15,,PettyCash_PJ,0
23-01-2024,Staff Allowances & Benefits,T-shirt,395,,PettyCash_PJ,0
23-01-2024,Staff Allowances & Benefits,No Glass Bash House,50,,PettyCash_PJ,0
22-01-2024,Miscellaneous Business Expenses,Room Rents Worth,1050,,PettyCash_PJ,0
19-01-2024,Licensing & Government Fees,License Local Othe Ajman,4950,,PettyCash_PJ,0
15-01-2024,Vehicle Maintenance - Business,Bus Oil Filter And Other Repair,480,,PettyCash_PJ,0
11-01-2024,Licensing & Government Fees,License Sponsor Ajman Paid,15000,,PettyCash_PJ,0
11-01-2024,Visa & Immigration Fees - Staff,Dinesh Moti Visa Stamping Id Typing,1880,,PettyCash_PJ,0
10-01-2024,Credit Card Epp Instalments,Caredit Card Pamonts,4600,,PettyCash_PJ,0
09-01-2024,Staff Salaries,WPS Renewal Yerli Charges Paid,160,,PettyCash_PJ,0
09-01-2024,Visa & Immigration Fees - Staff,Ajman Off Dinesh Labour Card Renewal,3500,,PettyCash_PJ,0
08-01-2024,Taxi & Parking - Business,Parking card recharge,20,,PettyCash_PJ,0
08-01-2024,Vehicle Maintenance - Business,Vehicle repair,80,,PettyCash_PJ,0
28-12-2023,Staff Salaries,Nov Salary WPS Charges,24250,,PettyCash_PJ,0
25-12-2023,Miscellaneous Business Expenses,Room Rent Works,1050,,PettyCash_PJ,0
24-12-2023,Visa & Immigration Fees - Staff,Moti Renewal Dinesh Cancel Ajman,4350,,PettyCash_PJ,0
23-12-2023,Printing & Stationery,Photocopy,5,,PettyCash_PJ,0
19-12-2023,Local Conveyance - Business,Transport Taxi Works,150,,PettyCash_PJ,0
12-12-2023,Taxi & Parking - Business,Parking card recharge,20,,PettyCash_PJ,0
11-12-2023,Visa & Immigration Fees - Staff,Ajman Shambhu Visa Id,860,,PettyCash_PJ,0
06-12-2023,Licensing & Government Fees,E-Channel Renewal Paid Ajman,1220,,PettyCash_PJ,0
04-12-2023,Taxi & Parking - Business,Taxi & Parking - Business,135,,PettyCash_PJ,0
04-12-2023,Vehicle Maintenance - Business,Vehicle recovery (towing),100,,PettyCash_PJ,0
28-11-2023,Staff Salaries,Nov Salary Paid,1519,,PettyCash_PJ,0
27-11-2023,Staff Salaries,Live Salary Jeetendra Paid,2000,,PettyCash_PJ,0
24-11-2023,Printing & Stationery,Photocopy,3,,PettyCash_PJ,0
23-11-2023,Staff Salaries,Salary Oct WPS Charges,25863,,PettyCash_PJ,0
22-11-2023,Miscellaneous Business Expenses,Room Rents Works,1400,,PettyCash_PJ,0
21-11-2023,Personal - Staff & Services,Bhadur Paid Frind,3000,,PettyCash_PJ,0
19-11-2023,Vehicle Maintenance - Business,Bus Brake Lock Repair,100,,PettyCash_PJ,0
12-11-2023,Business Gifts & Client Entertainment,Diwali gift,800,,PettyCash_PJ,0
12-11-2023,Vehicle Maintenance - Business,Vehicle wash,15,,PettyCash_PJ,0
08-11-2023,Vehicle Maintenance - Business,Bus Oil Filter Grease Prary,290,,PettyCash_PJ,0
07-11-2023,Licensing & Government Fees,Ajman Officee Shambhu Renewal Office Fee,4150,,PettyCash_PJ,0
06-11-2023,Printing & Stationery,Photocopy,5,,PettyCash_PJ,0
